{"class_prob_max": 0.5, "class_prob_mean": 0.5, "class_prob_median": 0.5, "class_prob_min": 0.5, "class_prob_std": 0.0, "diversity_fraction": 0.9999999999999999, "entropy_dependent": 0.6931471805599453, "kurtosis_kurtosis": 2.6142172682784377, "kurtosis_max": -0.28061969737142256, "kurtosis_mean": -0.8269425786452327, "kurtosis_median": -0.5593766750485121, "kurtosis_min": -2.020304568527919, "kurtosis_skew": -1.6831868793985978, "kurtosis_std": 0.5509974081667645, "n_categorical": 0, "n_classes": 2, "n_columns": 8, "n_numerical": 7, "n_rows": 200, "pca_fraction_95": 0.14285714285714285, "ratio_rowcol": 25.0, "skew_kurtosis": -0.23998195360621688, "skew_max": 0.025954345408955946, "skew_mean": -0.016348555748102834, "skew_median": 0.0, "skew_min": -0.09983714693697841, "skew_skew": -1.1881815668200824, "skew_std": 0.04527304087611275, "symbols_kurtosis": 0, "symbols_max": 0, "symbols_mean": 0, "symbols_min": 0, "symbols_skew": 0, "symbols_std": 0, "symbols_sum": 0}