{"class_prob_max": 0.5, "class_prob_mean": 0.5, "class_prob_median": 0.5, "class_prob_min": 0.5, "class_prob_std": 0.0, "diversity_fraction": 0.9999999999999999, "entropy_dependent": 0.6931471805599453, "kurtosis_kurtosis": 7.561993985478193, "kurtosis_max": 43.64592973093926, "kurtosis_mean": 4.093630557607729, "kurtosis_median": -0.13643951615144245, "kurtosis_min": -1.0224842141461714, "kurtosis_skew": 2.8439983764727472, "kurtosis_std": 11.478343962415373, "n_categorical": 0, "n_classes": 2, "n_columns": 21, "n_numerical": 20, "n_rows": 1600, "pca_fraction_95": 0.8, "ratio_rowcol": 76.19047619047619, "skew_kurtosis": 4.25006704340834, "skew_max": 6.7521384641907565, "skew_mean": 1.455990205399414, "skew_median": 0.9282936484391989, "skew_min": 0.15732451053821486, "skew_skew": 2.196079806867693, "skew_std": 1.7587562529990415, "symbols_kurtosis": 0, "symbols_max": 0, "symbols_mean": 0, "symbols_min": 0, "symbols_skew": 0, "symbols_std": 0, "symbols_sum": 0}