{"class_prob_max": 0.5048648648648648, "class_prob_mean": 0.5, "class_prob_median": 0.5, "class_prob_min": 0.49513513513513513, "class_prob_std": 0.006879957871004215, "corr_with_dependent_abs_25p": null, "corr_with_dependent_abs_75p": null, "corr_with_dependent_abs_kurtosis": null, "corr_with_dependent_abs_max": null, "corr_with_dependent_abs_mean": null, "corr_with_dependent_abs_median": null, "corr_with_dependent_abs_min": null, "corr_with_dependent_abs_skew": null, "corr_with_dependent_abs_std": null, "dataset_hash": "66657521553cb60b61ac041c25d7a0758215e8173bca3b6fe5aa9996687b2c3d", "diversity_fraction": 0.9999526665530977, "entropy_dependent": 0.6930998459927801, "kurtosis_kurtosis": -0.9915257694367137, "kurtosis_max": 1.714405525037348, "kurtosis_mean": 1.505773348593862, "kurtosis_median": 1.510528474478538, "kurtosis_min": 1.3155491270314172, "kurtosis_skew": 0.10360978421877716, "kurtosis_std": 0.11362077825636065, "metafeature_version": "1.0", "n_categorical": 0, "n_classes": 2, "n_columns": 21, "n_numerical": 20, "n_rows": 7400, "pca_fraction_95": 0.95, "ratio_rowcol": 352.3809523809524, "skew_kurtosis": 1.427598891524827, "skew_max": -0.12182524123703901, "skew_mean": -0.23381089497140187, "skew_median": -0.24180172281195894, "skew_min": -0.3115874555709863, "skew_skew": 1.038050809282985, "skew_std": 0.04283907774210813, "symbols_kurtosis": 0, "symbols_max": 0, "symbols_mean": 0, "symbols_min": 0, "symbols_skew": 0, "symbols_std": 0, "symbols_sum": 0}