{"class_prob_max": 0.3769322235434007, "class_prob_mean": 0.25, "class_prob_median": 0.2788347205707491, "class_prob_min": 0.06539833531510107, "class_prob_std": 0.14439255472989965, "corr_with_dependent_abs_25p": null, "corr_with_dependent_abs_75p": null, "corr_with_dependent_abs_kurtosis": null, "corr_with_dependent_abs_max": null, "corr_with_dependent_abs_mean": null, "corr_with_dependent_abs_median": null, "corr_with_dependent_abs_min": null, "corr_with_dependent_abs_skew": null, "corr_with_dependent_abs_std": null, "dataset_hash": "a20ef2e0b58d041442559cc02c50da34e6644bc2a8762e8de0bc032b7f7a2065", "diversity_fraction": 0.8629901806585032, "entropy_dependent": 1.2389423950087133, "kurtosis_kurtosis": 13.796846194577995, "kurtosis_max": 21.231717234335747, "kurtosis_mean": 2.3591294603515336, "kurtosis_median": 1.414122980328052, "kurtosis_min": -0.7902615862988696, "kurtosis_skew": 3.381327971174518, "kurtosis_std": 3.6342633915158173, "metafeature_version": "1.0", "n_categorical": 0, "n_classes": 4, "n_columns": 71, "n_numerical": 70, "n_rows": 841, "pca_fraction_95": 0.4714285714285714, "ratio_rowcol": 11.845070422535212, "skew_kurtosis": 4.29411328980181, "skew_max": 4.087186736805138, "skew_mean": 1.1147021119329903, "skew_median": 1.0322539044597872, "skew_min": -0.04070892060729227, "skew_skew": 1.52763586098371, "skew_std": 0.6778125117860878, "symbols_kurtosis": 0, "symbols_max": 0, "symbols_mean": 0, "symbols_min": 0, "symbols_skew": 0, "symbols_std": 0, "symbols_sum": 0}