{"class_prob_max": 0.6483701366982124, "class_prob_mean": 0.5, "class_prob_median": 0.5, "class_prob_min": 0.3516298633017876, "class_prob_std": 0.20982705956976205, "corr_with_dependent_abs_25p": null, "corr_with_dependent_abs_75p": null, "corr_with_dependent_abs_kurtosis": null, "corr_with_dependent_abs_max": null, "corr_with_dependent_abs_mean": null, "corr_with_dependent_abs_median": null, "corr_with_dependent_abs_min": null, "corr_with_dependent_abs_skew": null, "corr_with_dependent_abs_std": null, "dataset_hash": "d0d55bc0d7b50d669559595d7e3776594c42331fa7ed5b2695feeef454a9820f", "diversity_fraction": 0.9562867851681929, "entropy_dependent": 0.6484497541284178, "kurtosis_kurtosis": 1.4521170107831933, "kurtosis_max": 16.76540668378684, "kurtosis_mean": 4.273159612328454, "kurtosis_median": 2.6991261168547225, "kurtosis_min": -0.5337036036008938, "kurtosis_skew": 1.28674497202163, "kurtosis_std": 5.350085293326461, "metafeature_version": "1.0", "n_categorical": 0, "n_classes": 2, "n_columns": 11, "n_numerical": 10, "n_rows": 19020, "pca_fraction_95": 0.5, "ratio_rowcol": 1729.090909090909, "skew_kurtosis": 1.0535466298596061, "skew_max": 3.3716279807755627, "skew_mean": 0.646344955486718, "skew_median": 0.5857915398743663, "skew_min": -1.1230780552847546, "skew_skew": 0.7242758546097178, "skew_std": 1.2595764194409111, "symbols_kurtosis": 0, "symbols_max": 0, "symbols_mean": 0, "symbols_min": 0, "symbols_skew": 0, "symbols_std": 0, "symbols_sum": 0}