{"class_prob_max": 0.1944792973651192, "class_prob_mean": 0.16666666666666666, "class_prob_median": 0.16248431618569636, "class_prob_min": 0.15432873274780426, "class_prob_std": 0.0149603091781848, "corr_with_dependent_abs_25p": null, "corr_with_dependent_abs_75p": null, "corr_with_dependent_abs_kurtosis": null, "corr_with_dependent_abs_max": null, "corr_with_dependent_abs_mean": null, "corr_with_dependent_abs_median": null, "corr_with_dependent_abs_min": null, "corr_with_dependent_abs_skew": null, "corr_with_dependent_abs_std": null, "dataset_hash": "e0cdd3aee988d69752b783b55c8bbcb7ac7643cf4e2ba7390c71f2d41644eb6f", "diversity_fraction": 0.9967452340323314, "entropy_dependent": 1.7884993949883827, "kurtosis_kurtosis": 0.9115785328713013, "kurtosis_max": -0.555417871959734, "kurtosis_mean": -1.149957408953115, "kurtosis_median": -1.0208314374621228, "kurtosis_min": -2.0027488889284806, "kurtosis_skew": -1.0414916998266064, "kurtosis_std": 0.541776706954479, "metafeature_version": "1.0", "n_categorical": 0, "n_classes": 6, "n_columns": 5, "n_numerical": 4, "n_rows": 797, "pca_fraction_95": 0.75, "ratio_rowcol": 159.4, "skew_kurtosis": 0.4553286729456083, "skew_max": 0.6535226796216888, "skew_mean": 0.05192368841886352, "skew_median": 0.07664749987745183, "skew_min": -0.5991229257011383, "skew_skew": -0.26173289420602003, "skew_std": 0.45220878382876145, "symbols_kurtosis": 0, "symbols_max": 0, "symbols_mean": 0, "symbols_min": 0, "symbols_skew": 0, "symbols_std": 0, "symbols_sum": 0}