{"class_prob_max": 0.7940074906367042, "class_prob_mean": 0.5, "class_prob_median": 0.5, "class_prob_min": 0.20599250936329588, "class_prob_std": 0.41578938069770777, "corr_with_dependent_abs_25p": null, "corr_with_dependent_abs_75p": null, "corr_with_dependent_abs_kurtosis": null, "corr_with_dependent_abs_max": null, "corr_with_dependent_abs_mean": null, "corr_with_dependent_abs_median": null, "corr_with_dependent_abs_min": null, "corr_with_dependent_abs_skew": null, "corr_with_dependent_abs_std": null, "dataset_hash": "df4d4b30e3f16106940574cacc132a096620daab63ccaef814be55bbbc51f74c", "diversity_fraction": 0.831479390012335, "entropy_dependent": 0.5085984133880677, "kurtosis_kurtosis": 3.222392047716342, "kurtosis_max": 2.8550065061808745, "kurtosis_mean": -0.9016463337718018, "kurtosis_median": -1.3019991444167267, "kurtosis_min": -2.014636877638593, "kurtosis_skew": 1.9080884927412636, "kurtosis_std": 1.2862440352581899, "metafeature_version": "1.0", "n_categorical": 0, "n_classes": 2, "n_columns": 23, "n_numerical": 22, "n_rows": 267, "pca_fraction_95": 0.8181818181818182, "ratio_rowcol": 11.608695652173912, "skew_kurtosis": 0.45353604357862043, "skew_max": 2.198562350621475, "skew_mean": 0.8943072074097294, "skew_median": 0.841095797343585, "skew_min": 0.022600496492748225, "skew_skew": 0.8141546494294041, "skew_std": 0.5526108056174248, "symbols_kurtosis": 0, "symbols_max": 0, "symbols_mean": 0, "symbols_min": 0, "symbols_skew": 0, "symbols_std": 0, "symbols_sum": 0}