{"class_prob_max": 0.7794561933534743, "class_prob_mean": 0.5, "class_prob_median": 0.5, "class_prob_min": 0.22054380664652568, "class_prob_std": 0.39521073872964135, "corr_with_dependent_abs_25p": null, "corr_with_dependent_abs_75p": null, "corr_with_dependent_abs_kurtosis": null, "corr_with_dependent_abs_max": null, "corr_with_dependent_abs_mean": null, "corr_with_dependent_abs_median": null, "corr_with_dependent_abs_min": null, "corr_with_dependent_abs_skew": null, "corr_with_dependent_abs_std": null, "diversity_fraction": 0.8474259632801978, "entropy_dependent": 0.5275953780549788, "kurtosis_kurtosis": 8.125346844847249, "kurtosis_max": -2.0012314735543546, "kurtosis_mean": -2.0026962571362903, "kurtosis_median": -2.002872249434363, "kurtosis_min": -2.0030280090840273, "kurtosis_skew": 2.7708042874704297, "kurtosis_std": 0.0005063611120765955, "n_categorical": 0, "n_classes": 2, "n_columns": 11, "n_numerical": 10, "n_rows": 1324, "pca_fraction_95": 1.0, "ratio_rowcol": 120.36363636363636, "skew_kurtosis": 0.6095522421778004, "skew_max": 0.04235353263519571, "skew_mean": 0.006655082884541351, "skew_median": 0.009073820420816196, "skew_min": -0.018148199912616046, "skew_skew": 0.5188644430935114, "skew_std": 0.016939913904502762, "symbols_kurtosis": null, "symbols_max": null, "symbols_mean": null, "symbols_min": null, "symbols_skew": null, "symbols_std": null, "symbols_sum": null}