{"class_prob_max": 0.1, "class_prob_mean": 0.09999999999999999, "class_prob_median": 0.1, "class_prob_min": 0.1, "class_prob_std": 1.4628472785736255e-17, "diversity_fraction": 0.9999999999999997, "entropy_dependent": 2.3025850929940455, "kurtosis_kurtosis": -0.7737376678292023, "kurtosis_max": 0.07949387005620334, "kurtosis_mean": -0.5362369226243188, "kurtosis_median": -0.6352635311790586, "kurtosis_min": -1.0383559313284465, "kurtosis_skew": 0.551782257611486, "kurtosis_std": 0.378151805898921, "n_categorical": 0, "n_classes": 10, "n_columns": 7, "n_numerical": 6, "n_rows": 2000, "pca_fraction_95": 0.16666666666666666, "ratio_rowcol": 285.7142857142857, "skew_kurtosis": 0.6981472524524799, "skew_max": 1.008483001475662, "skew_mean": 0.5315671843447335, "skew_median": 0.6245331546193504, "skew_min": -0.06283666261435185, "skew_skew": -0.6518361058610932, "skew_std": 0.3349249949781064, "symbols_kurtosis": 0, "symbols_max": 0, "symbols_mean": 0, "symbols_min": 0, "symbols_skew": 0, "symbols_std": 0, "symbols_sum": 0}