{"class_prob_max": 0.1, "class_prob_mean": 0.09999999999999999, "class_prob_median": 0.1, "class_prob_min": 0.1, "class_prob_std": 1.4628472785736255e-17, "corr_with_dependent_abs_25p": null, "corr_with_dependent_abs_75p": null, "corr_with_dependent_abs_kurtosis": null, "corr_with_dependent_abs_max": null, "corr_with_dependent_abs_mean": null, "corr_with_dependent_abs_median": null, "corr_with_dependent_abs_min": null, "corr_with_dependent_abs_skew": null, "corr_with_dependent_abs_std": null, "diversity_fraction": 0.9999999999999997, "entropy_dependent": 2.3025850929940455, "kurtosis_kurtosis": -0.7737376678292045, "kurtosis_max": 0.07949387005620334, "kurtosis_mean": -0.5362369226243188, "kurtosis_median": -0.6352635311790586, "kurtosis_min": -1.0383559313284465, "kurtosis_skew": 0.5517822576114858, "kurtosis_std": 0.37815180589892106, "n_categorical": 0, "n_classes": 10, "n_columns": 7, "n_numerical": 6, "n_rows": 2000, "pca_fraction_95": 0.16666666666666666, "ratio_rowcol": 285.7142857142857, "skew_kurtosis": 0.6981472524524777, "skew_max": 1.008483001475662, "skew_mean": 0.5315671843447336, "skew_median": 0.6245331546193504, "skew_min": -0.06283666261435185, "skew_skew": -0.6518361058610946, "skew_std": 0.3349249949781064, "symbols_kurtosis": null, "symbols_max": null, "symbols_mean": null, "symbols_min": null, "symbols_skew": null, "symbols_std": null, "symbols_sum": null}