{"class_prob_max": 0.5, "class_prob_mean": 0.5, "class_prob_median": 0.5, "class_prob_min": 0.5, "class_prob_std": 0.0, "corr_with_dependent_abs_25p": null, "corr_with_dependent_abs_75p": null, "corr_with_dependent_abs_kurtosis": null, "corr_with_dependent_abs_max": null, "corr_with_dependent_abs_mean": null, "corr_with_dependent_abs_median": null, "corr_with_dependent_abs_min": null, "corr_with_dependent_abs_skew": null, "corr_with_dependent_abs_std": null, "diversity_fraction": 0.9999999999999999, "entropy_dependent": 0.6931471805599453, "kurtosis_kurtosis": 18.986508904932638, "kurtosis_max": 50.35183288909909, "kurtosis_mean": 2.7024868146474867, "kurtosis_median": -0.4385386212608555, "kurtosis_min": -1.0182346547476082, "kurtosis_skew": 4.315722384139402, "kurtosis_std": 11.053082277850063, "n_categorical": 0, "n_classes": 2, "n_columns": 21, "n_numerical": 20, "n_rows": 1600, "pca_fraction_95": 0.85, "ratio_rowcol": 76.19047619047619, "skew_kurtosis": 11.906940445292856, "skew_max": 7.231106043494561, "skew_mean": 1.1498908877608407, "skew_median": 0.7523980525794558, "skew_min": 0.008642354932371001, "skew_skew": 3.1966654182580507, "skew_std": 1.5530635215150224, "symbols_kurtosis": null, "symbols_max": null, "symbols_mean": null, "symbols_min": null, "symbols_skew": null, "symbols_std": null, "symbols_sum": null}