{"class_prob_max": 0.5542168674698795, "class_prob_mean": 0.5, "class_prob_median": 0.5, "class_prob_min": 0.4457831325301205, "class_prob_std": 0.0766742292852883, "corr_with_dependent_abs_25p": null, "corr_with_dependent_abs_75p": null, "corr_with_dependent_abs_kurtosis": null, "corr_with_dependent_abs_max": null, "corr_with_dependent_abs_mean": null, "corr_with_dependent_abs_median": null, "corr_with_dependent_abs_min": null, "corr_with_dependent_abs_skew": null, "corr_with_dependent_abs_std": null, "diversity_fraction": 0.9941268024557683, "entropy_dependent": 0.6872566679612404, "kurtosis_kurtosis": -1.499999999999999, "kurtosis_max": -1.2403333647323869, "kurtosis_mean": -1.6677143446186813, "kurtosis_median": -1.8563670920928443, "kurtosis_min": -1.9064425770308124, "kurtosis_skew": 1.6966133132171535, "kurtosis_std": 0.302894662684758, "n_categorical": 0, "n_classes": 2, "n_columns": 4, "n_numerical": 3, "n_rows": 83, "pca_fraction_95": 0.3333333333333333, "ratio_rowcol": 20.75, "skew_kurtosis": -1.5, "skew_max": 0.32227885058996003, "skew_mean": -0.008978091212580822, "skew_median": 0.02508246904027929, "skew_min": -0.3742955932679818, "skew_skew": -0.4343413241040759, "skew_std": 0.2853933896484573, "symbols_kurtosis": null, "symbols_max": null, "symbols_mean": null, "symbols_min": null, "symbols_skew": null, "symbols_std": null, "symbols_sum": null}