{"class_prob_max": 0.30601092896174864, "class_prob_mean": 0.16666666666666666, "class_prob_median": 0.15437158469945356, "class_prob_min": 0.0546448087431694, "class_prob_std": 0.08312479505926303, "corr_with_dependent_abs_25p": null, "corr_with_dependent_abs_75p": null, "corr_with_dependent_abs_kurtosis": null, "corr_with_dependent_abs_max": null, "corr_with_dependent_abs_mean": null, "corr_with_dependent_abs_median": null, "corr_with_dependent_abs_min": null, "corr_with_dependent_abs_skew": null, "corr_with_dependent_abs_std": null, "dataset_hash": "3541cee2af11d7f620f7dc6dab2f3e3a49d0684193c09829d7bf7ac5ba276e85", "diversity_fraction": 0.8997741177884739, "entropy_dependent": 1.6861479418343899, "kurtosis_kurtosis": 7.374472929681751, "kurtosis_max": 23.452466982027307, "kurtosis_mean": 2.4966097128782305, "kurtosis_median": 0.5838766347909103, "kurtosis_min": -1.4155947017470272, "kurtosis_skew": 2.695080010694739, "kurtosis_std": 5.44005008271068, "metafeature_version": "1.0", "n_categorical": 0, "n_classes": 6, "n_columns": 35, "n_numerical": 34, "n_rows": 366, "pca_fraction_95": 0.08823529411764706, "ratio_rowcol": 10.457142857142857, "skew_kurtosis": 0.5794717821511259, "skew_max": 4.7785174124595065, "skew_mean": 1.4098204928936031, "skew_median": 1.3484623484200926, "skew_min": -0.393486930675299, "skew_skew": 0.7058404922613027, "skew_std": 1.2689772845299943, "symbols_kurtosis": 0, "symbols_max": 0, "symbols_mean": 0, "symbols_min": 0, "symbols_skew": 0, "symbols_std": 0, "symbols_sum": 0}