{"class_prob_max": 0.9567868504772005, "class_prob_mean": 0.3333333333333333, "class_prob_median": 0.039501590668080594, "class_prob_min": 0.003711558854718982, "class_prob_std": 0.5402230535839747, "diversity_fraction": 0.40335848993202017, "entropy_dependent": 0.19068272939589553, "kurtosis_kurtosis": -1.190715271157874, "kurtosis_max": 1.493807612242792, "kurtosis_mean": -0.4245557673881552, "kurtosis_median": -0.5940612261725762, "kurtosis_min": -1.8482544283203384, "kurtosis_skew": 0.5578919910690286, "kurtosis_std": 1.239140525385757, "n_categorical": 22, "n_classes": 3, "n_columns": 30, "n_numerical": 7, "n_rows": 3772, "pca_fraction_95": 0.12903225806451613, "ratio_rowcol": 125.73333333333333, "skew_kurtosis": 1.5943986663676952, "skew_max": 1.4059442874713202, "skew_mean": 0.19880093637880084, "skew_median": 0.21331658311250928, "skew_min": -1.5894085358559218, "skew_skew": -0.8925339336747995, "skew_std": 0.8910761798927679, "symbols_kurtosis": 5.664284023668646, "symbols_max": 3, "symbols_mean": 1, "symbols_min": 1, "symbols_skew": -0.5906272018620775, "symbols_std": 0.37509017674772643, "symbols_sum": 43}