{"class_prob_max": 0.8458623825401637, "class_prob_mean": 0.5, "class_prob_median": 0.5, "class_prob_min": 0.1541376174598363, "class_prob_std": 0.489123272102971, "corr_with_dependent_abs_25p": null, "corr_with_dependent_abs_75p": null, "corr_with_dependent_abs_kurtosis": null, "corr_with_dependent_abs_max": null, "corr_with_dependent_abs_mean": null, "corr_with_dependent_abs_median": null, "corr_with_dependent_abs_min": null, "corr_with_dependent_abs_skew": null, "corr_with_dependent_abs_std": null, "diversity_fraction": 0.7684900889443869, "entropy_dependent": 0.4298195678492067, "kurtosis_kurtosis": 24.194090980411243, "kurtosis_max": 51.13619640114348, "kurtosis_mean": 1.6805294174843421, "kurtosis_median": -0.5208115299959413, "kurtosis_min": -1.6228664799261183, "kurtosis_skew": 4.6180743767456285, "kurtosis_std": 7.00767499175203, "n_categorical": 0, "n_classes": 2, "n_columns": 169, "n_numerical": 168, "n_rows": 6598, "pca_fraction_95": 0.07738095238095238, "ratio_rowcol": 39.0414201183432, "skew_kurtosis": 7.3231524067777, "skew_max": 6.318252943829363, "skew_mean": 0.46886355544643926, "skew_median": 0.08546461475035791, "skew_min": -1.435754447834408, "skew_skew": 2.5303522204220035, "skew_std": 1.2565155872793745, "symbols_kurtosis": null, "symbols_max": null, "symbols_mean": null, "symbols_min": null, "symbols_skew": null, "symbols_std": null, "symbols_sum": null}