{"class_prob_max": 0.1, "class_prob_mean": 0.09999999999999999, "class_prob_median": 0.1, "class_prob_min": 0.1, "class_prob_std": 1.4628472785736255e-17, "diversity_fraction": 0.9999999999999997, "entropy_dependent": 2.3025850929940455, "kurtosis_kurtosis": -0.1168735486853012, "kurtosis_max": 4.370101298879654, "kurtosis_mean": 0.7353956813037774, "kurtosis_median": 0.4440463981400291, "kurtosis_min": -0.9914117205299378, "kurtosis_skew": 0.8462683942066641, "kurtosis_std": 1.4066386387702383, "n_categorical": 0, "n_classes": 10, "n_columns": 48, "n_numerical": 47, "n_rows": 2000, "pca_fraction_95": 0.2765957446808511, "ratio_rowcol": 41.666666666666664, "skew_kurtosis": -1.0487885677126234, "skew_max": 1.7945995145373377, "skew_mean": 0.790830076474756, "skew_median": 0.7415928908678684, "skew_min": 0.005491522368602265, "skew_skew": 0.16467059543527165, "skew_std": 0.48244611717101493, "symbols_kurtosis": 0, "symbols_max": 0, "symbols_mean": 0, "symbols_min": 0, "symbols_skew": 0, "symbols_std": 0, "symbols_sum": 0}