{"class_prob_max": 0.1, "class_prob_mean": 0.09999999999999999, "class_prob_median": 0.1, "class_prob_min": 0.1, "class_prob_std": 1.4628472785736255e-17, "corr_with_dependent_abs_25p": null, "corr_with_dependent_abs_75p": null, "corr_with_dependent_abs_kurtosis": null, "corr_with_dependent_abs_max": null, "corr_with_dependent_abs_mean": null, "corr_with_dependent_abs_median": null, "corr_with_dependent_abs_min": null, "corr_with_dependent_abs_skew": null, "corr_with_dependent_abs_std": null, "diversity_fraction": 0.9999999999999997, "entropy_dependent": 2.3025850929940455, "kurtosis_kurtosis": -0.11687354868529942, "kurtosis_max": 4.370101298879654, "kurtosis_mean": 0.7353956813037774, "kurtosis_median": 0.4440463981400291, "kurtosis_min": -0.9914117205299378, "kurtosis_skew": 0.8462683942066646, "kurtosis_std": 1.4066386387702383, "n_categorical": 0, "n_classes": 10, "n_columns": 48, "n_numerical": 47, "n_rows": 2000, "pca_fraction_95": 0.2765957446808511, "ratio_rowcol": 41.666666666666664, "skew_kurtosis": -1.0487885677126225, "skew_max": 1.7945995145373377, "skew_mean": 0.7908300764747559, "skew_median": 0.7415928908678684, "skew_min": 0.005491522368602265, "skew_skew": 0.16467059543527254, "skew_std": 0.4824461171710149, "symbols_kurtosis": null, "symbols_max": null, "symbols_mean": null, "symbols_min": null, "symbols_skew": null, "symbols_std": null, "symbols_sum": null}