{"class_prob_max": 0.23822843822843823, "class_prob_mean": 0.16666666666666666, "class_prob_median": 0.16045066045066045, "class_prob_min": 0.09728049728049729, "class_prob_std": 0.06783402798034407, "corr_with_dependent_abs_25p": null, "corr_with_dependent_abs_75p": null, "corr_with_dependent_abs_kurtosis": null, "corr_with_dependent_abs_max": null, "corr_with_dependent_abs_mean": null, "corr_with_dependent_abs_median": null, "corr_with_dependent_abs_min": null, "corr_with_dependent_abs_skew": null, "corr_with_dependent_abs_std": null, "dataset_hash": "69aee93f88a267259c49cddfc7c79ff08424b9c548041e0cd8745f3ff34e8e66", "diversity_fraction": 0.9319557633684364, "entropy_dependent": 1.721289539608092, "kurtosis_kurtosis": -0.8409313651002392, "kurtosis_max": 1.2773432544146832, "kurtosis_mean": -0.1539892080048944, "kurtosis_median": -0.4796368868670744, "kurtosis_min": -0.9197895047254492, "kurtosis_skew": 0.9336495425822451, "kurtosis_std": 0.834082153601892, "metafeature_version": "1.0", "n_categorical": 0, "n_classes": 6, "n_columns": 37, "n_numerical": 36, "n_rows": 6435, "pca_fraction_95": 0.16666666666666666, "ratio_rowcol": 173.9189189189189, "skew_kurtosis": -0.9670347216491311, "skew_max": 0.9187090836987927, "skew_mean": 0.039854972612337454, "skew_median": -0.040326870480031876, "skew_min": -0.6747275074214822, "skew_skew": 0.4164859255819154, "skew_std": 0.5578836277627448, "symbols_kurtosis": 0, "symbols_max": 0, "symbols_mean": 0, "symbols_min": 0, "symbols_skew": 0, "symbols_std": 0, "symbols_sum": 0}