{"class_prob_max": 0.7859655172413793, "class_prob_mean": 0.14285714285714285, "class_prob_median": 0.0029482758620689655, "class_prob_min": 0.00017241379310344826, "class_prob_std": 0.2891450656276908, "corr_with_dependent_abs_25p": null, "corr_with_dependent_abs_75p": null, "corr_with_dependent_abs_kurtosis": null, "corr_with_dependent_abs_max": null, "corr_with_dependent_abs_mean": null, "corr_with_dependent_abs_median": null, "corr_with_dependent_abs_min": null, "corr_with_dependent_abs_skew": null, "corr_with_dependent_abs_std": null, "dataset_hash": "3982bb1eac602226dfda89e415694717633a19250945ce11071a5ff06fb13850", "diversity_fraction": 0.2779594697696101, "entropy_dependent": 0.665630180939451, "kurtosis_kurtosis": -0.7783491614362221, "kurtosis_max": 7698.22484577246, "kurtosis_mean": 2335.680175412061, "kurtosis_median": 8.43848398754875, "kurtosis_min": 1.62177145961667, "kurtosis_skew": 1.0223628368989135, "kurtosis_std": 3019.805193773908, "metafeature_version": "1.0", "n_categorical": 2, "n_classes": 7, "n_columns": 10, "n_numerical": 7, "n_rows": 58000, "pca_fraction_95": 0.017857142857142856, "ratio_rowcol": 5800.0, "skew_kurtosis": 2.8330550900069316, "skew_max": 31.687853326614952, "skew_mean": 3.0551534387360255, "skew_median": 2.180838482144081, "skew_min": -21.86181042119729, "skew_skew": 0.4867604870823472, "skew_std": 14.487588281906325, "symbols_kurtosis": -2.0, "symbols_max": 54, "symbols_mean": 52, "symbols_min": 51, "symbols_skew": 0.0, "symbols_std": 2.1213203435596424, "symbols_sum": 105}