{"class_prob_max": 0.928030303030303, "class_prob_mean": 0.5, "class_prob_median": 0.5, "class_prob_min": 0.07196969696969698, "class_prob_std": 0.6053262596521202, "corr_with_dependent_abs_25p": null, "corr_with_dependent_abs_75p": null, "corr_with_dependent_abs_kurtosis": null, "corr_with_dependent_abs_max": null, "corr_with_dependent_abs_mean": null, "corr_with_dependent_abs_median": null, "corr_with_dependent_abs_min": null, "corr_with_dependent_abs_skew": null, "corr_with_dependent_abs_std": null, "dataset_hash": "625d935f9e30ea13ceb727c417cea893386820d145ea6a379ff6c2e380dc86bc", "diversity_fraction": 0.6476254346714209, "entropy_dependent": 0.2587043978901781, "kurtosis_kurtosis": -2.70047880404052, "kurtosis_max": 1.0176392773975023, "kurtosis_mean": -0.15499451166922534, "kurtosis_median": 0.0347062412205994, "kurtosis_min": -1.7070298065156024, "kurtosis_skew": -0.5110826043778403, "kurtosis_std": 1.0979963987385317, "metafeature_version": "1.0", "n_categorical": 0, "n_classes": 2, "n_columns": 5, "n_numerical": 4, "n_rows": 264, "pca_fraction_95": 0.75, "ratio_rowcol": 52.8, "skew_kurtosis": -1.4646826354729594, "skew_max": 0.9444697380163879, "skew_mean": 0.08486998639115348, "skew_median": 0.18477574172020766, "skew_min": -0.9745412758921893, "skew_skew": -0.5160997915816731, "skew_std": 0.733588079944516, "symbols_kurtosis": 0, "symbols_max": 0, "symbols_mean": 0, "symbols_min": 0, "symbols_skew": 0, "symbols_std": 0, "symbols_sum": 0}