{"class_prob_max": 0.6274165202108963, "class_prob_mean": 0.5, "class_prob_median": 0.5, "class_prob_min": 0.37258347978910367, "class_prob_std": 0.18019417095263515, "diversity_fraction": 0.9677022506120437, "entropy_dependent": 0.6603163491952275, "kurtosis_kurtosis": 5.930589420623257, "kurtosis_max": 49.20907650724118, "kurtosis_mean": 7.778043430883122, "kurtosis_median": 2.9842446218376426, "kurtosis_min": -0.5355934737274715, "kurtosis_skew": 2.5166418248574294, "kurtosis_std": 12.630564325176337, "n_categorical": 0, "n_classes": 2, "n_columns": 31, "n_numerical": 30, "n_rows": 569, "pca_fraction_95": 0.03333333333333333, "ratio_rowcol": 18.35483870967742, "skew_kurtosis": 2.5507785088561974, "skew_max": 5.447186284898395, "skew_mean": 1.7346295274447716, "skew_median": 1.416407677350842, "skew_min": 0.413759350410492, "skew_skew": 1.6840046076932427, "skew_std": 1.2532240826117234, "symbols_kurtosis": 0, "symbols_max": 0, "symbols_mean": 0, "symbols_min": 0, "symbols_skew": 0, "symbols_std": 0, "symbols_sum": 0}