{"class_prob_max": 0.27936507936507937, "class_prob_mean": 0.2, "class_prob_median": 0.20634920634920634, "class_prob_min": 0.06666666666666667, "class_prob_std": 0.08040587391691391, "corr_with_dependent_abs_25p": null, "corr_with_dependent_abs_75p": null, "corr_with_dependent_abs_kurtosis": null, "corr_with_dependent_abs_max": null, "corr_with_dependent_abs_mean": null, "corr_with_dependent_abs_median": null, "corr_with_dependent_abs_min": null, "corr_with_dependent_abs_skew": null, "corr_with_dependent_abs_std": null, "dataset_hash": "55006849b24540e2b20f8278b9e10893ba2088e17de59d0ba88eba1a494ac57e", "diversity_fraction": 0.9247023874739941, "entropy_dependent": 1.5311545759225598, "kurtosis_kurtosis": -0.38759455221146544, "kurtosis_max": 40.68463884358451, "kurtosis_mean": 11.153910477210005, "kurtosis_median": 4.310675950738173, "kurtosis_min": -1.6247322127325892, "kurtosis_skew": 1.0844574415657047, "kurtosis_std": 14.813319322873097, "metafeature_version": "1.0", "n_categorical": 0, "n_classes": 5, "n_columns": 13, "n_numerical": 12, "n_rows": 315, "pca_fraction_95": 0.5833333333333334, "ratio_rowcol": 24.23076923076923, "skew_kurtosis": -0.7399933431509407, "skew_max": 6.5135519414988865, "skew_mean": 1.6280431265300244, "skew_median": 1.374299565821513, "skew_min": -3.9668839048554685, "skew_skew": 0.05748591664525073, "skew_std": 3.064548377202387, "symbols_kurtosis": 0, "symbols_max": 0, "symbols_mean": 0, "symbols_min": 0, "symbols_skew": 0, "symbols_std": 0, "symbols_sum": 0}