{"class_prob_max": 0.1, "class_prob_mean": 0.09999999999999999, "class_prob_median": 0.1, "class_prob_min": 0.1, "class_prob_std": 1.4628472785736255e-17, "corr_with_dependent_abs_25p": null, "corr_with_dependent_abs_75p": null, "corr_with_dependent_abs_kurtosis": null, "corr_with_dependent_abs_max": null, "corr_with_dependent_abs_mean": null, "corr_with_dependent_abs_median": null, "corr_with_dependent_abs_min": null, "corr_with_dependent_abs_skew": null, "corr_with_dependent_abs_std": null, "dataset_hash": "4b361cbf6ad64a6620f9800b81894258c156e168adf9e2dac70e7c157d283f17", "diversity_fraction": 0.9999999999999997, "entropy_dependent": 2.3025850929940455, "kurtosis_kurtosis": -0.1168735486853012, "kurtosis_max": 4.370101298879654, "kurtosis_mean": 0.7353956813037775, "kurtosis_median": 0.4440463981400291, "kurtosis_min": -0.9914117205299378, "kurtosis_skew": 0.8462683942066643, "kurtosis_std": 1.4066386387702383, "metafeature_version": "1.0", "n_categorical": 0, "n_classes": 10, "n_columns": 48, "n_numerical": 47, "n_rows": 2000, "pca_fraction_95": 0.2765957446808511, "ratio_rowcol": 41.666666666666664, "skew_kurtosis": -1.0487885677126239, "skew_max": 1.7945995145373377, "skew_mean": 0.790830076474756, "skew_median": 0.7415928908678684, "skew_min": 0.005491522368602265, "skew_skew": 0.1646705954352716, "skew_std": 0.482446117171015, "symbols_kurtosis": 0, "symbols_max": 0, "symbols_mean": 0, "symbols_min": 0, "symbols_skew": 0, "symbols_std": 0, "symbols_sum": 0}