{"class_prob_max": 0.5, "class_prob_mean": 0.5, "class_prob_median": 0.5, "class_prob_min": 0.5, "class_prob_std": 0.0, "corr_with_dependent_abs_25p": null, "corr_with_dependent_abs_75p": null, "corr_with_dependent_abs_kurtosis": null, "corr_with_dependent_abs_max": null, "corr_with_dependent_abs_mean": null, "corr_with_dependent_abs_median": null, "corr_with_dependent_abs_min": null, "corr_with_dependent_abs_skew": null, "corr_with_dependent_abs_std": null, "diversity_fraction": 0.9999999999999999, "entropy_dependent": 0.6931471805599453, "kurtosis_kurtosis": 3.880098646827511, "kurtosis_max": 6.719487283939646, "kurtosis_mean": 0.4785948572412588, "kurtosis_median": -0.35668004575486045, "kurtosis_min": -1.0347822991043858, "kurtosis_skew": 1.9001072940647439, "kurtosis_std": 1.9509366783467836, "n_categorical": 0, "n_classes": 2, "n_columns": 21, "n_numerical": 20, "n_rows": 1600, "pca_fraction_95": 0.9, "ratio_rowcol": 76.19047619047619, "skew_kurtosis": -0.09082513800467362, "skew_max": 2.793003005750892, "skew_mean": 0.9637821559724837, "skew_median": 0.7974823190422156, "skew_min": 0.027364159987719523, "skew_skew": 0.8241637581366564, "skew_std": 0.7544542251293677, "symbols_kurtosis": null, "symbols_max": null, "symbols_mean": null, "symbols_min": null, "symbols_skew": null, "symbols_std": null, "symbols_sum": null}