{"class_prob_max": 0.5445544554455446, "class_prob_mean": 0.5, "class_prob_median": 0.5, "class_prob_min": 0.45544554455445546, "class_prob_std": 0.06300951515523692, "corr_with_dependent_abs_25p": null, "corr_with_dependent_abs_75p": null, "corr_with_dependent_abs_kurtosis": null, "corr_with_dependent_abs_max": null, "corr_with_dependent_abs_mean": null, "corr_with_dependent_abs_median": null, "corr_with_dependent_abs_min": null, "corr_with_dependent_abs_skew": null, "corr_with_dependent_abs_std": null, "diversity_fraction": 0.9960324217997925, "entropy_dependent": 0.6891717106404252, "kurtosis_kurtosis": 1.836620035346094, "kurtosis_max": 4.505423167753714, "kurtosis_mean": 0.2675735534604221, "kurtosis_median": -0.06196993057611522, "kurtosis_min": -1.45831668255745, "kurtosis_skew": 1.2714476116707132, "kurtosis_std": 1.6492187471543236, "n_categorical": 0, "n_classes": 2, "n_columns": 14, "n_numerical": 13, "n_rows": 303, "pca_fraction_95": 0.23076923076923078, "ratio_rowcol": 21.642857142857142, "skew_kurtosis": -1.0889012894058836, "skew_max": 1.986651930914452, "skew_mean": 0.40750026149173135, "skew_median": 0.4847323688388967, "skew_min": -0.7913351914808323, "skew_skew": 0.22233515075220955, "skew_std": 0.8407263506949956, "symbols_kurtosis": null, "symbols_max": null, "symbols_mean": null, "symbols_min": null, "symbols_skew": null, "symbols_std": null, "symbols_sum": null}