{"class_prob_max": 0.5044483985765125, "class_prob_mean": 0.5, "class_prob_median": 0.5, "class_prob_min": 0.49555160142348753, "class_prob_std": 0.006290985597745103, "diversity_fraction": 0.9999604237612526, "entropy_dependent": 0.6931076035380379, "kurtosis_kurtosis": 1.5919992926380644, "kurtosis_max": -2.000703977752642, "kurtosis_mean": -2.0028580747068765, "kurtosis_median": -2.0033646963682767, "kurtosis_min": -2.0035682426404993, "kurtosis_skew": 1.5498204683119696, "kurtosis_std": 0.0009206164720055253, "n_categorical": 0, "n_classes": 2, "n_columns": 11, "n_numerical": 10, "n_rows": 1124, "pca_fraction_95": 1.0, "ratio_rowcol": 102.18181818181819, "skew_kurtosis": -1.0325660940203258, "skew_max": 0.05347119152442646, "skew_mean": 0.015682892272655014, "skew_median": 0.014254265665725994, "skew_min": -0.014254265665725985, "skew_skew": 0.3843014384483306, "skew_std": 0.021516300276173544, "symbols_kurtosis": 0, "symbols_max": 0, "symbols_mean": 0, "symbols_min": 0, "symbols_skew": 0, "symbols_std": 0, "symbols_sum": 0}