{"class_prob_max": 0.5044483985765125, "class_prob_mean": 0.5, "class_prob_median": 0.5, "class_prob_min": 0.49555160142348753, "class_prob_std": 0.006290985597745103, "corr_with_dependent_abs_25p": null, "corr_with_dependent_abs_75p": null, "corr_with_dependent_abs_kurtosis": null, "corr_with_dependent_abs_max": null, "corr_with_dependent_abs_mean": null, "corr_with_dependent_abs_median": null, "corr_with_dependent_abs_min": null, "corr_with_dependent_abs_skew": null, "corr_with_dependent_abs_std": null, "diversity_fraction": 0.9999604237612526, "entropy_dependent": 0.6931076035380379, "kurtosis_kurtosis": 1.5919992926380626, "kurtosis_max": -2.000703977752642, "kurtosis_mean": -2.0028580747068765, "kurtosis_median": -2.0033646963682767, "kurtosis_min": -2.0035682426404993, "kurtosis_skew": 1.5498204683119692, "kurtosis_std": 0.0009206164720055255, "n_categorical": 0, "n_classes": 2, "n_columns": 11, "n_numerical": 10, "n_rows": 1124, "pca_fraction_95": 1.0, "ratio_rowcol": 102.18181818181819, "skew_kurtosis": -1.0325660940203258, "skew_max": 0.05347119152442646, "skew_mean": 0.015682892272655017, "skew_median": 0.014254265665725994, "skew_min": -0.014254265665725985, "skew_skew": 0.38430143844833003, "skew_std": 0.021516300276173548, "symbols_kurtosis": null, "symbols_max": null, "symbols_mean": null, "symbols_min": null, "symbols_skew": null, "symbols_std": null, "symbols_sum": null}