{"class_prob_max": 0.7, "class_prob_mean": 0.5, "class_prob_median": 0.5, "class_prob_min": 0.3, "class_prob_std": 0.282842712474619, "corr_with_dependent_abs_25p": null, "corr_with_dependent_abs_75p": null, "corr_with_dependent_abs_kurtosis": null, "corr_with_dependent_abs_max": null, "corr_with_dependent_abs_mean": null, "corr_with_dependent_abs_median": null, "corr_with_dependent_abs_min": null, "corr_with_dependent_abs_skew": null, "corr_with_dependent_abs_std": null, "diversity_fraction": 0.9210113875186566, "entropy_dependent": 0.6108643020548935, "kurtosis_kurtosis": 10.16505858562187, "kurtosis_max": 22.182198459856185, "kurtosis_mean": 1.626897436744816, "kurtosis_median": -0.3205430191507288, "kurtosis_min": -1.8501438979806253, "kurtosis_skew": 3.063928957205575, "kurtosis_std": 5.449880151618326, "n_categorical": 0, "n_classes": 2, "n_columns": 21, "n_numerical": 20, "n_rows": 1000, "pca_fraction_95": 0.05, "ratio_rowcol": 47.61904761904762, "skew_kurtosis": 3.9064169123636514, "skew_max": 1.949627679832621, "skew_mean": -0.06294370860221077, "skew_median": 0.09068952481191293, "skew_min": -4.913027374046549, "skew_skew": -1.7546098370971763, "skew_std": 1.5819471154266362, "symbols_kurtosis": null, "symbols_max": null, "symbols_mean": null, "symbols_min": null, "symbols_skew": null, "symbols_std": null, "symbols_sum": null}