{"class_prob_max": 0.5, "class_prob_mean": 0.5, "class_prob_median": 0.5, "class_prob_min": 0.5, "class_prob_std": 0.0, "diversity_fraction": 0.9999999999999999, "entropy_dependent": 0.6931471805599453, "kurtosis_kurtosis": 20.844263400073928, "kurtosis_max": 61.87884501695726, "kurtosis_mean": 1.9329118261362712, "kurtosis_median": -0.3453933597129111, "kurtosis_min": -1.1159002012238493, "kurtosis_skew": 4.154180634174334, "kurtosis_std": 6.565402634652657, "n_categorical": 0, "n_classes": 2, "n_columns": 1001, "n_numerical": 1000, "n_rows": 1600, "pca_fraction_95": 0.68, "ratio_rowcol": 1.5984015984015985, "skew_kurtosis": 4.901905991099745, "skew_max": 7.987583987896343, "skew_mean": 1.1886409593313123, "skew_median": 0.8133347552264456, "skew_min": -0.0540581482449787, "skew_skew": 2.075662089354239, "skew_std": 1.2381334285458991, "symbols_kurtosis": 0, "symbols_max": 0, "symbols_mean": 0, "symbols_min": 0, "symbols_skew": 0, "symbols_std": 0, "symbols_sum": 0}