{"class_prob_max": 0.6536796536796536, "class_prob_mean": 0.5, "class_prob_median": 0.5, "class_prob_min": 0.3463203463203463, "class_prob_std": 0.21733585049456655, "corr_with_dependent_abs_25p": null, "corr_with_dependent_abs_75p": null, "corr_with_dependent_abs_kurtosis": null, "corr_with_dependent_abs_max": null, "corr_with_dependent_abs_mean": null, "corr_with_dependent_abs_median": null, "corr_with_dependent_abs_min": null, "corr_with_dependent_abs_skew": null, "corr_with_dependent_abs_std": null, "dataset_hash": "758e04a87d4a9cc66b4efa3c930289912941ab8aa0a7c9e31b7dce3330b1ce10", "diversity_fraction": 0.9531259734269446, "entropy_dependent": 0.6451389826734641, "kurtosis_kurtosis": -0.8585101244495768, "kurtosis_max": 6.421109968667757, "kurtosis_mean": 1.7965611413000973, "kurtosis_median": 1.7816465446796297, "kurtosis_min": -1.8900733748276548, "kurtosis_skew": 0.5169023393344389, "kurtosis_std": 2.7819397737873826, "metafeature_version": "1.0", "n_categorical": 0, "n_classes": 2, "n_columns": 10, "n_numerical": 9, "n_rows": 462, "pca_fraction_95": 0.4444444444444444, "ratio_rowcol": 46.2, "skew_kurtosis": -1.382712876666121, "skew_max": 2.3126989374804188, "skew_mean": 0.7990779621648674, "skew_median": 0.9052194041401875, "skew_min": -0.3817342585259032, "skew_skew": 0.22422759051389174, "skew_std": 0.9598818226758478, "symbols_kurtosis": 0, "symbols_max": 0, "symbols_mean": 0, "symbols_min": 0, "symbols_skew": 0, "symbols_std": 0, "symbols_sum": 0}