{"class_prob_max": 0.5412541254125413, "class_prob_mean": 0.19999999999999998, "class_prob_median": 0.1188118811881188, "class_prob_min": 0.0429042904290429, "class_prob_std": 0.19698021944692468, "corr_with_dependent_abs_25p": null, "corr_with_dependent_abs_75p": null, "corr_with_dependent_abs_kurtosis": null, "corr_with_dependent_abs_max": null, "corr_with_dependent_abs_mean": null, "corr_with_dependent_abs_median": null, "corr_with_dependent_abs_min": null, "corr_with_dependent_abs_skew": null, "corr_with_dependent_abs_std": null, "dataset_hash": "c54aac5adf87e426e0897a8bcafcd45bab93e4a630855c956cd854256fee5db0", "diversity_fraction": 0.7189752882034499, "entropy_dependent": 1.2795096209070462, "kurtosis_kurtosis": 3.2956875424059238, "kurtosis_max": 1.9596776292633518, "kurtosis_mean": -0.8134554967612992, "kurtosis_median": -1.408818700950456, "kurtosis_min": -1.9993306598089324, "kurtosis_skew": 1.7384684850358425, "kurtosis_std": 1.2516460968065386, "metafeature_version": "1.0", "n_categorical": 0, "n_classes": 5, "n_columns": 8, "n_numerical": 7, "n_rows": 303, "pca_fraction_95": 0.8571428571428571, "ratio_rowcol": 37.875, "skew_kurtosis": 0.6184547516386454, "skew_max": 1.986651930914452, "skew_mean": 0.2837366847849398, "skew_median": 0.34544636610177903, "skew_min": -0.8417538756970183, "skew_skew": 0.6215313527070429, "skew_std": 0.896164952450413, "symbols_kurtosis": 0, "symbols_max": 0, "symbols_mean": 0, "symbols_min": 0, "symbols_skew": 0, "symbols_std": 0, "symbols_sum": 0}