{"class_prob_max": 0.556, "class_prob_mean": 0.5, "class_prob_median": 0.5, "class_prob_min": 0.444, "class_prob_std": 0.07919595949289335, "corr_with_dependent_abs_25p": null, "corr_with_dependent_abs_75p": null, "corr_with_dependent_abs_kurtosis": null, "corr_with_dependent_abs_max": null, "corr_with_dependent_abs_mean": null, "corr_with_dependent_abs_median": null, "corr_with_dependent_abs_min": null, "corr_with_dependent_abs_skew": null, "corr_with_dependent_abs_std": null, "dataset_hash": "ab13a4015157fd388b67f00555f6e69fb445915b329d67ded8a9b9173de24042", "diversity_fraction": 0.9937345315197428, "entropy_dependent": 0.6868620016589055, "kurtosis_kurtosis": 2.1985694316457494, "kurtosis_max": -0.1921213893009588, "kurtosis_mean": -0.8397102916960651, "kurtosis_median": -0.6654872299063195, "kurtosis_min": -2.0080482897384306, "kurtosis_skew": -1.4325324272353328, "kurtosis_std": 0.6354147612192917, "metafeature_version": "1.0", "n_categorical": 0, "n_classes": 2, "n_columns": 6, "n_numerical": 5, "n_rows": 500, "pca_fraction_95": 0.4, "ratio_rowcol": 83.33333333333333, "skew_kurtosis": 2.404389352453686, "skew_max": 0.6027615940197674, "skew_mean": 0.04056244457842885, "skew_median": 0.0, "skew_min": -0.3571599922641561, "skew_skew": 1.0962419575560785, "skew_std": 0.31319375680904765, "symbols_kurtosis": 0, "symbols_max": 0, "symbols_mean": 0, "symbols_min": 0, "symbols_skew": 0, "symbols_std": 0, "symbols_sum": 0}