{"class_prob_max": 0.10177935943060498, "class_prob_mean": 0.1, "class_prob_median": 0.09964412811387902, "class_prob_min": 0.09857651245551602, "class_prob_std": 0.0012126363167414508, "corr_with_dependent_abs_25p": null, "corr_with_dependent_abs_75p": null, "corr_with_dependent_abs_kurtosis": null, "corr_with_dependent_abs_max": null, "corr_with_dependent_abs_mean": null, "corr_with_dependent_abs_median": null, "corr_with_dependent_abs_min": null, "corr_with_dependent_abs_skew": null, "corr_with_dependent_abs_std": null, "dataset_hash": "276405022e74c3904f04e093d410ea31c718aa6e5436d4e11302789f76e634bd", "diversity_fraction": 0.9999338967240312, "entropy_dependent": 2.3025189875331593, "kurtosis_kurtosis": 32.568600170699334, "kurtosis_max": 827.6223150392364, "kurtosis_mean": 34.0595767501802, "kurtosis_median": -0.396061385074709, "kurtosis_min": -1.646519852942111, "kurtosis_skew": 5.385423794560699, "kurtosis_std": 122.06433207132208, "metafeature_version": "1.0", "n_categorical": 8, "n_classes": 10, "n_columns": 65, "n_numerical": 56, "n_rows": 5620, "pca_fraction_95": 0.3972602739726027, "ratio_rowcol": 86.46153846153847, "skew_kurtosis": 9.958738667256185, "skew_max": 26.31331498169284, "skew_mean": 2.2570355662046806, "skew_median": 0.2988767717389842, "skew_min": -1.302992451715646, "skew_skew": 2.936464898455225, "skew_std": 4.986017854455043, "symbols_kurtosis": -0.22857142857142865, "symbols_max": 5, "symbols_mean": 2, "symbols_min": 1, "symbols_skew": 0.8081220356417684, "symbols_std": 1.4142135623730951, "symbols_sum": 20}