{"class_prob_max": 0.5, "class_prob_mean": 0.5, "class_prob_median": 0.5, "class_prob_min": 0.5, "class_prob_std": 0.0, "diversity_fraction": 0.9999999999999999, "entropy_dependent": 0.6931471805599453, "kurtosis_kurtosis": -2.0, "kurtosis_max": -0.5678997747819627, "kurtosis_mean": -0.8789167415114038, "kurtosis_median": -0.8789167415114038, "kurtosis_min": -1.1899337082408448, "kurtosis_skew": 0.0, "kurtosis_std": 0.311016966729441, "n_categorical": 0, "n_classes": 2, "n_columns": 3, "n_numerical": 2, "n_rows": 250, "pca_fraction_95": 1.0, "ratio_rowcol": 83.33333333333333, "skew_kurtosis": -2.0, "skew_max": -0.08812517410311779, "skew_mean": -0.14865085036756992, "skew_median": -0.14865085036756992, "skew_min": -0.20917652663202208, "skew_skew": -6.723478486198971e-16, "skew_std": 0.06052567626445214, "symbols_kurtosis": 0, "symbols_max": 0, "symbols_mean": 0, "symbols_min": 0, "symbols_skew": 0, "symbols_std": 0, "symbols_sum": 0}