{"class_prob_max": 0.5004054054054055, "class_prob_mean": 0.5, "class_prob_median": 0.5, "class_prob_min": 0.4995945945945946, "class_prob_std": 0.0005733298225837206, "corr_with_dependent_abs_25p": null, "corr_with_dependent_abs_75p": null, "corr_with_dependent_abs_kurtosis": null, "corr_with_dependent_abs_max": null, "corr_with_dependent_abs_mean": null, "corr_with_dependent_abs_median": null, "corr_with_dependent_abs_min": null, "corr_with_dependent_abs_skew": null, "corr_with_dependent_abs_std": null, "diversity_fraction": 0.9999996712929325, "entropy_dependent": 0.6931468518528239, "kurtosis_kurtosis": 0.9974414326312528, "kurtosis_max": 0.04916169058971098, "kurtosis_mean": -0.06388078544223634, "kurtosis_median": -0.07459906679308537, "kurtosis_min": -0.14417075659783363, "kurtosis_skew": 0.7620641914062495, "kurtosis_std": 0.04418902228490057, "n_categorical": 0, "n_classes": 2, "n_columns": 21, "n_numerical": 20, "n_rows": 7400, "pca_fraction_95": 0.95, "ratio_rowcol": 352.3809523809524, "skew_kurtosis": -0.93229101896799, "skew_max": 0.051696211787445295, "skew_mean": 0.0115705913254739, "skew_median": 0.0038247246115244884, "skew_min": -0.03290459217782352, "skew_skew": 0.25010741145509835, "skew_std": 0.025248997881264997, "symbols_kurtosis": null, "symbols_max": null, "symbols_mean": null, "symbols_min": null, "symbols_skew": null, "symbols_std": null, "symbols_sum": null}