{"class_prob_max": 0.31050656660412757, "class_prob_mean": 0.16666666666666666, "class_prob_median": 0.1679174484052533, "class_prob_min": 0.040337711069418386, "class_prob_std": 0.09775321417175695, "corr_with_dependent_abs_25p": null, "corr_with_dependent_abs_75p": null, "corr_with_dependent_abs_kurtosis": null, "corr_with_dependent_abs_max": null, "corr_with_dependent_abs_mean": null, "corr_with_dependent_abs_median": null, "corr_with_dependent_abs_min": null, "corr_with_dependent_abs_skew": null, "corr_with_dependent_abs_std": null, "dataset_hash": "93f98c7cc79a15b19ef7056a1d2d78a35efe3cb932b856d6f0e956348b0d136e", "diversity_fraction": 0.8567780668284307, "entropy_dependent": 1.6371831101120586, "kurtosis_kurtosis": 7.638511386528485, "kurtosis_max": 329.9940713621093, "kurtosis_mean": 48.352234580683806, "kurtosis_median": 3.1780988386069104, "kurtosis_min": -1.8509892782667672, "kurtosis_skew": 2.7124254357606405, "kurtosis_std": 95.00369258322796, "metafeature_version": "1.0", "n_categorical": 1, "n_classes": 6, "n_columns": 13, "n_numerical": 11, "n_rows": 1066, "pca_fraction_95": 0.5, "ratio_rowcol": 82.0, "skew_kurtosis": 2.0623656910485044, "skew_max": 17.25399932095481, "skew_mean": 3.6936292603212793, "skew_median": 1.921511319911441, "skew_min": -2.274233868680088, "skew_skew": 1.4212128667644082, "skew_std": 5.493824277954623, "symbols_kurtosis": -3.0, "symbols_max": 1, "symbols_mean": 1, "symbols_min": 1, "symbols_skew": 0.0, "symbols_std": 0.0, "symbols_sum": 1}