{"class_prob_max": 0.7277936962750716, "class_prob_mean": 0.5, "class_prob_median": 0.5, "class_prob_min": 0.2722063037249284, "class_prob_std": 0.32214893469530387, "diversity_fraction": 0.8978913327144793, "entropy_dependent": 0.5854409522174424, "kurtosis_kurtosis": 2.200467902918051, "kurtosis_max": 20.18207664197622, "kurtosis_mean": 5.782937715235993, "kurtosis_median": 4.716448304458771, "kurtosis_min": 1.041783827180648, "kurtosis_skew": 1.5045843499348577, "kurtosis_std": 4.270606354597707, "n_categorical": 0, "n_classes": 2, "n_columns": 45, "n_numerical": 44, "n_rows": 349, "pca_fraction_95": 0.5454545454545454, "ratio_rowcol": 7.7555555555555555, "skew_kurtosis": -0.34499678893570174, "skew_max": -0.8984196500422806, "skew_mean": -1.8210042360503842, "skew_median": -1.7006435514343163, "skew_min": -3.2657530693520966, "skew_skew": -0.6736633808169759, "skew_std": 0.6123688626843644, "symbols_kurtosis": 0, "symbols_max": 0, "symbols_mean": 0, "symbols_min": 0, "symbols_skew": 0, "symbols_std": 0, "symbols_sum": 0}