{"class_prob_max": 0.3384, "class_prob_mean": 0.3333333333333333, "class_prob_median": 0.331, "class_prob_min": 0.3306, "class_prob_std": 0.004392417709341084, "diversity_fraction": 0.9999422654174759, "entropy_dependent": 1.0985545524188804, "kurtosis_kurtosis": -1.330906082372623, "kurtosis_max": 0.15060825997499405, "kurtosis_mean": -0.19641749321969693, "kurtosis_median": -0.05122710616510329, "kurtosis_min": -0.6790518256314759, "kurtosis_skew": -0.5794060641161848, "kurtosis_std": 0.25991711459183486, "n_categorical": 0, "n_classes": 3, "n_columns": 41, "n_numerical": 40, "n_rows": 5000, "pca_fraction_95": 0.9, "ratio_rowcol": 121.95121951219512, "skew_kurtosis": 0.5517986608291614, "skew_max": 0.27203710732311204, "skew_mean": 0.03546827362426726, "skew_median": 0.016415358784205476, "skew_min": -0.2720307815724984, "skew_skew": 0.1756029385759425, "skew_std": 0.1180545988457066, "symbols_kurtosis": 0, "symbols_max": 0, "symbols_mean": 0, "symbols_min": 0, "symbols_skew": 0, "symbols_std": 0, "symbols_sum": 0}