{"class_prob_max": 0.5472972972972973, "class_prob_mean": 0.24999999999999997, "class_prob_median": 0.2195945945945946, "class_prob_min": 0.013513513513513514, "class_prob_std": 0.2710012637021669, "corr_with_dependent_abs_25p": null, "corr_with_dependent_abs_75p": null, "corr_with_dependent_abs_kurtosis": null, "corr_with_dependent_abs_max": null, "corr_with_dependent_abs_mean": null, "corr_with_dependent_abs_median": null, "corr_with_dependent_abs_min": null, "corr_with_dependent_abs_skew": null, "corr_with_dependent_abs_std": null, "dataset_hash": "01a9403cad969c8d35f797e1d0e56f9e7c12631a602ad9ef769c7228b597d6cc", "diversity_fraction": 0.5854741998877664, "entropy_dependent": 0.850961199111149, "kurtosis_kurtosis": 6.825698856923324, "kurtosis_max": 29.749465128075954, "kurtosis_mean": 2.563434438614978, "kurtosis_median": -0.5247708236803874, "kurtosis_min": -2.0268303168738395, "kurtosis_skew": 2.630242306284948, "kurtosis_std": 8.073799055066381, "metafeature_version": "1.0", "n_categorical": 0, "n_classes": 4, "n_columns": 19, "n_numerical": 18, "n_rows": 148, "pca_fraction_95": 0.6111111111111112, "ratio_rowcol": 7.7894736842105265, "skew_kurtosis": 1.3438851809034729, "skew_max": 5.442361694493852, "skew_mean": 0.8512900268768905, "skew_median": 0.27399179230812953, "skew_min": -1.4426512046796571, "skew_skew": 1.364658571277034, "skew_std": 1.793173784197521, "symbols_kurtosis": 0, "symbols_max": 0, "symbols_mean": 0, "symbols_min": 0, "symbols_skew": 0, "symbols_std": 0, "symbols_sum": 0}