{"class_prob_max": 0.1, "class_prob_mean": 0.09999999999999999, "class_prob_median": 0.1, "class_prob_min": 0.1, "class_prob_std": 1.4628472785736255e-17, "diversity_fraction": 0.9999999999999997, "entropy_dependent": 2.3025850929940455, "kurtosis_kurtosis": 0.4899680275825693, "kurtosis_max": 1.9949226202588068, "kurtosis_mean": 0.1190062808232671, "kurtosis_median": 0.0630230135811245, "kurtosis_min": -1.125279310331448, "kurtosis_skew": 0.33950925976216373, "kurtosis_std": 0.6343081004614414, "n_categorical": 0, "n_classes": 10, "n_columns": 77, "n_numerical": 76, "n_rows": 2000, "pca_fraction_95": 0.6578947368421053, "ratio_rowcol": 25.974025974025974, "skew_kurtosis": 0.3997186937428254, "skew_max": 1.0299855346493232, "skew_mean": 0.5447006835842777, "skew_median": 0.5542281675523084, "skew_min": -0.12062462029872019, "skew_skew": -0.6284650330372737, "skew_std": 0.2475411569555456, "symbols_kurtosis": 0, "symbols_max": 0, "symbols_mean": 0, "symbols_min": 0, "symbols_skew": 0, "symbols_std": 0, "symbols_sum": 0}