{"class_prob_max": 0.1, "class_prob_mean": 0.09999999999999999, "class_prob_median": 0.1, "class_prob_min": 0.1, "class_prob_std": 1.4628472785736255e-17, "corr_with_dependent_abs_25p": null, "corr_with_dependent_abs_75p": null, "corr_with_dependent_abs_kurtosis": null, "corr_with_dependent_abs_max": null, "corr_with_dependent_abs_mean": null, "corr_with_dependent_abs_median": null, "corr_with_dependent_abs_min": null, "corr_with_dependent_abs_skew": null, "corr_with_dependent_abs_std": null, "diversity_fraction": 0.9999999999999997, "entropy_dependent": 2.3025850929940455, "kurtosis_kurtosis": 0.48996802758257285, "kurtosis_max": 1.9949226202588068, "kurtosis_mean": 0.11900628082326707, "kurtosis_median": 0.0630230135811245, "kurtosis_min": -1.125279310331448, "kurtosis_skew": 0.3395092597621639, "kurtosis_std": 0.6343081004614414, "n_categorical": 0, "n_classes": 10, "n_columns": 77, "n_numerical": 76, "n_rows": 2000, "pca_fraction_95": 0.6578947368421053, "ratio_rowcol": 25.974025974025974, "skew_kurtosis": 0.3997186937428241, "skew_max": 1.0299855346493232, "skew_mean": 0.5447006835842777, "skew_median": 0.5542281675523084, "skew_min": -0.12062462029872019, "skew_skew": -0.6284650330372734, "skew_std": 0.24754115695554563, "symbols_kurtosis": null, "symbols_max": null, "symbols_mean": null, "symbols_min": null, "symbols_skew": null, "symbols_std": null, "symbols_sum": null}