{"class_prob_max": 0.6274165202108963, "class_prob_mean": 0.5, "class_prob_median": 0.5, "class_prob_min": 0.37258347978910367, "class_prob_std": 0.18019417095263515, "corr_with_dependent_abs_25p": null, "corr_with_dependent_abs_75p": null, "corr_with_dependent_abs_kurtosis": null, "corr_with_dependent_abs_max": null, "corr_with_dependent_abs_mean": null, "corr_with_dependent_abs_median": null, "corr_with_dependent_abs_min": null, "corr_with_dependent_abs_skew": null, "corr_with_dependent_abs_std": null, "dataset_hash": "7ecf18a9243105fd4df63156446cadec46276c8ca5b74f20ed3e740fe3c01020", "diversity_fraction": 0.9677022506120437, "entropy_dependent": 0.6603163491952275, "kurtosis_kurtosis": 5.877090272009424, "kurtosis_max": 49.20907650724118, "kurtosis_mean": 7.814735362154532, "kurtosis_median": 3.022590146044778, "kurtosis_min": -0.5355351225188576, "kurtosis_skew": 2.50638772342378, "kurtosis_std": 12.658695068464379, "metafeature_version": "1.0", "n_categorical": 0, "n_classes": 2, "n_columns": 31, "n_numerical": 30, "n_rows": 569, "pca_fraction_95": 0.03333333333333333, "ratio_rowcol": 18.35483870967742, "skew_kurtosis": 2.4833510064726907, "skew_max": 5.447186284898395, "skew_mean": 1.7404066998407546, "skew_median": 1.4175537520690003, "skew_min": 0.4154259962824679, "skew_skew": 1.6694973766279095, "skew_std": 1.257236575814803, "symbols_kurtosis": 0, "symbols_max": 0, "symbols_mean": 0, "symbols_min": 0, "symbols_skew": 0, "symbols_std": 0, "symbols_sum": 0}