{"class_prob_max": 0.51985559566787, "class_prob_mean": 0.5, "class_prob_median": 0.5, "class_prob_min": 0.48014440433212996, "class_prob_std": 0.028080052682498247, "diversity_fraction": 0.9992116142115369, "entropy_dependent": 0.692358483831969, "kurtosis_kurtosis": -1.8206398124132548, "kurtosis_max": -1.3650792868804462, "kurtosis_mean": -1.6414072463920426, "kurtosis_median": -1.4991876331299934, "kurtosis_min": -2.007049096740923, "kurtosis_skew": -0.8304421304934586, "kurtosis_std": 0.26230080732318056, "n_categorical": 0, "n_classes": 2, "n_columns": 7, "n_numerical": 6, "n_rows": 554, "pca_fraction_95": 1.0, "ratio_rowcol": 79.14285714285714, "skew_kurtosis": 0.5865712116857673, "skew_max": 0.014480045051089007, "skew_mean": -0.008872165655787691, "skew_median": -0.007837092022276096, "skew_min": -0.02896235508654711, "skew_skew": 0.32253349253391145, "skew_std": 0.013558098849493426, "symbols_kurtosis": 0, "symbols_max": 0, "symbols_mean": 0, "symbols_min": 0, "symbols_skew": 0, "symbols_std": 0, "symbols_sum": 0}