{"class_prob_max": 0.3316831683168317, "class_prob_mean": 0.20000000000000004, "class_prob_median": 0.15841584158415842, "class_prob_min": 0.10891089108910891, "class_prob_std": 0.0952632703479393, "diversity_fraction": 0.9154254355949772, "entropy_dependent": 1.5210715476029046, "kurtosis_kurtosis": 22.1628808846737, "kurtosis_max": 63.9499527789702, "kurtosis_mean": 3.474551527918479, "kurtosis_median": -0.0036632826208315983, "kurtosis_min": -1.6638023032580644, "kurtosis_skew": 4.609559365718102, "kurtosis_std": 12.675201484006672, "n_categorical": 0, "n_classes": 5, "n_columns": 26, "n_numerical": 25, "n_rows": 202, "pca_fraction_95": 0.04, "ratio_rowcol": 7.769230769230769, "skew_kurtosis": 10.369625380084475, "skew_max": 8.081884202418792, "skew_mean": 0.6189632770781831, "skew_median": 0.09405138402923065, "skew_min": -2.7052539540760216, "skew_skew": 2.601493965317859, "skew_std": 1.8476963220337614, "symbols_kurtosis": 0, "symbols_max": 0, "symbols_mean": 0, "symbols_min": 0, "symbols_skew": 0, "symbols_std": 0, "symbols_sum": 0}