{"class_prob_max": 0.16666666666666666, "class_prob_mean": 0.16666666666666666, "class_prob_median": 0.16666666666666666, "class_prob_min": 0.16666666666666666, "class_prob_std": 0.0, "corr_with_dependent_abs_25p": null, "corr_with_dependent_abs_75p": null, "corr_with_dependent_abs_kurtosis": null, "corr_with_dependent_abs_max": null, "corr_with_dependent_abs_mean": null, "corr_with_dependent_abs_median": null, "corr_with_dependent_abs_min": null, "corr_with_dependent_abs_skew": null, "corr_with_dependent_abs_std": null, "diversity_fraction": 0.9999999999999997, "entropy_dependent": 1.7917594692280547, "kurtosis_kurtosis": -1.5000000000000007, "kurtosis_max": -0.07187807201685992, "kurtosis_mean": -1.099338058646886, "kurtosis_median": -1.2344096846588966, "kurtosis_min": -1.9917264192649016, "kurtosis_skew": 0.6162857468298876, "kurtosis_std": 0.7895727440512392, "n_categorical": 0, "n_classes": 6, "n_columns": 4, "n_numerical": 3, "n_rows": 72, "pca_fraction_95": 0.3333333333333333, "ratio_rowcol": 18.0, "skew_kurtosis": -1.5, "skew_max": 0.8618790851402381, "skew_mean": 0.3652662931685781, "skew_median": 0.1954813006166553, "skew_min": 0.0384384937488409, "skew_skew": 1.4840291488094315, "skew_std": 0.3569629389349786, "symbols_kurtosis": null, "symbols_max": null, "symbols_mean": null, "symbols_min": null, "symbols_skew": null, "symbols_std": null, "symbols_sum": null}