{"class_prob_max": 0.7, "class_prob_mean": 0.5, "class_prob_median": 0.5, "class_prob_min": 0.3, "class_prob_std": 0.282842712474619, "corr_with_dependent_abs_25p": null, "corr_with_dependent_abs_75p": null, "corr_with_dependent_abs_kurtosis": null, "corr_with_dependent_abs_max": null, "corr_with_dependent_abs_mean": null, "corr_with_dependent_abs_median": null, "corr_with_dependent_abs_min": null, "corr_with_dependent_abs_skew": null, "corr_with_dependent_abs_std": null, "dataset_hash": "4334a7267b960a3bcac75e1b5cb25b5c5cdce8ec9ed2bbcc1f0718ca42dd6e7d", "diversity_fraction": 0.9210113875186566, "entropy_dependent": 0.6108643020548935, "kurtosis_kurtosis": 10.165058585621875, "kurtosis_max": 22.182198459856185, "kurtosis_mean": 1.626897436744816, "kurtosis_median": -0.3205430191507288, "kurtosis_min": -1.8501438979806253, "kurtosis_skew": 3.0639289572055772, "kurtosis_std": 5.449880151618325, "metafeature_version": "1.0", "n_categorical": 0, "n_classes": 2, "n_columns": 21, "n_numerical": 20, "n_rows": 1000, "pca_fraction_95": 0.05, "ratio_rowcol": 47.61904761904762, "skew_kurtosis": 3.906416912363655, "skew_max": 1.949627679832621, "skew_mean": -0.0629437086022107, "skew_median": 0.09068952481191293, "skew_min": -4.913027374046549, "skew_skew": -1.754609837097176, "skew_std": 1.581947115426636, "symbols_kurtosis": 0, "symbols_max": 0, "symbols_mean": 0, "symbols_min": 0, "symbols_skew": 0, "symbols_std": 0, "symbols_sum": 0}