{"class_prob_max": 0.6552217453505007, "class_prob_mean": 0.5, "class_prob_median": 0.5, "class_prob_min": 0.3447782546494993, "class_prob_std": 0.21951669744990102, "diversity_fraction": 0.9521877259452132, "entropy_dependent": 0.6441541080484818, "kurtosis_kurtosis": 9.935859707617098, "kurtosis_max": 257.71715913954705, "kurtosis_mean": 27.706468693004876, "kurtosis_median": 0.7311078725131734, "kurtosis_min": -0.6237154123264794, "kurtosis_skew": 3.1488442871061597, "kurtosis_std": 76.75917790657668, "n_categorical": 0, "n_classes": 2, "n_columns": 11, "n_numerical": 10, "n_rows": 699, "pca_fraction_95": 0.1, "ratio_rowcol": 63.54545454545455, "skew_kurtosis": 8.86407451248042, "skew_max": 13.675325941281438, "skew_mean": 2.8049291712712603, "skew_median": 1.4733646739124397, "skew_min": 0.5928585326862844, "skew_skew": 2.9335512410321813, "skew_std": 3.7013191222583273, "symbols_kurtosis": 0, "symbols_max": 0, "symbols_mean": 0, "symbols_min": 0, "symbols_skew": 0, "symbols_std": 0, "symbols_sum": 0}