{"class_prob_max": 0.6552217453505007, "class_prob_mean": 0.5, "class_prob_median": 0.5, "class_prob_min": 0.3447782546494993, "class_prob_std": 0.21951669744990102, "corr_with_dependent_abs_25p": null, "corr_with_dependent_abs_75p": null, "corr_with_dependent_abs_kurtosis": null, "corr_with_dependent_abs_max": null, "corr_with_dependent_abs_mean": null, "corr_with_dependent_abs_median": null, "corr_with_dependent_abs_min": null, "corr_with_dependent_abs_skew": null, "corr_with_dependent_abs_std": null, "diversity_fraction": 0.9521877259452132, "entropy_dependent": 0.6441541080484818, "kurtosis_kurtosis": 6.766370461633784, "kurtosis_max": 12.65787806702549, "kurtosis_mean": 2.149725310055746, "kurtosis_median": 0.47426867548925467, "kurtosis_min": -0.6237154123264794, "kurtosis_skew": 2.528667374227803, "kurtosis_std": 3.894041290693098, "n_categorical": 0, "n_classes": 2, "n_columns": 10, "n_numerical": 9, "n_rows": 699, "pca_fraction_95": 0.7777777777777778, "ratio_rowcol": 69.9, "skew_kurtosis": 3.88751226111472, "skew_max": 3.560657844495295, "skew_mean": 1.5971073079367963, "skew_median": 1.422261257030544, "skew_min": 0.5928585326862845, "skew_skew": 1.7099940863167151, "skew_std": 0.796004161670109, "symbols_kurtosis": null, "symbols_max": null, "symbols_mean": null, "symbols_min": null, "symbols_skew": null, "symbols_std": null, "symbols_sum": null}