{"class_prob_max": 0.6552217453505007, "class_prob_mean": 0.5, "class_prob_median": 0.5, "class_prob_min": 0.3447782546494993, "class_prob_std": 0.21951669744990102, "diversity_fraction": 0.9521877259452132, "entropy_dependent": 0.6441541080484818, "kurtosis_kurtosis": 6.766370461633784, "kurtosis_max": 12.65787806702549, "kurtosis_mean": 2.1497253100557465, "kurtosis_median": 0.47426867548925467, "kurtosis_min": -0.6237154123264794, "kurtosis_skew": 2.5286673742278016, "kurtosis_std": 3.8940412906930986, "n_categorical": 0, "n_classes": 2, "n_columns": 10, "n_numerical": 9, "n_rows": 699, "pca_fraction_95": 0.7777777777777778, "ratio_rowcol": 69.9, "skew_kurtosis": 3.8875122611147246, "skew_max": 3.560657844495295, "skew_mean": 1.5971073079367961, "skew_median": 1.422261257030544, "skew_min": 0.5928585326862845, "skew_skew": 1.7099940863167162, "skew_std": 0.796004161670109, "symbols_kurtosis": 0, "symbols_max": 0, "symbols_mean": 0, "symbols_min": 0, "symbols_skew": 0, "symbols_std": 0, "symbols_sum": 0}