{"class_prob_max": 0.5550724637681159, "class_prob_mean": 0.5, "class_prob_median": 0.5, "class_prob_min": 0.4449275362318841, "class_prob_std": 0.07788422517417042, "diversity_fraction": 0.9939401576580635, "entropy_dependent": 0.6870689028587588, "kurtosis_kurtosis": 11.900551123706638, "kurtosis_max": 214.66997242752612, "kurtosis_mean": 21.295216893053674, "kurtosis_median": 0.5069631324852606, "kurtosis_min": -1.9971378336902235, "kurtosis_skew": 3.387495100540369, "kurtosis_std": 55.36033667840478, "n_categorical": 0, "n_classes": 2, "n_columns": 15, "n_numerical": 14, "n_rows": 690, "pca_fraction_95": 0.07142857142857142, "ratio_rowcol": 46.0, "skew_kurtosis": 6.825909278141882, "skew_max": 13.140655014445459, "skew_mean": 1.6774970303594134, "skew_median": 0.38099919060115567, "skew_min": -1.9447254706547497, "skew_skew": 2.4131857223529254, "skew_std": 3.6385725845836605, "symbols_kurtosis": 0, "symbols_max": 0, "symbols_mean": 0, "symbols_min": 0, "symbols_skew": 0, "symbols_std": 0, "symbols_sum": 0}