{"class_prob_max": 0.5550724637681159, "class_prob_mean": 0.5, "class_prob_median": 0.5, "class_prob_min": 0.4449275362318841, "class_prob_std": 0.07788422517417042, "corr_with_dependent_abs_25p": null, "corr_with_dependent_abs_75p": null, "corr_with_dependent_abs_kurtosis": null, "corr_with_dependent_abs_max": null, "corr_with_dependent_abs_mean": null, "corr_with_dependent_abs_median": null, "corr_with_dependent_abs_min": null, "corr_with_dependent_abs_skew": null, "corr_with_dependent_abs_std": null, "diversity_fraction": 0.9939401576580635, "entropy_dependent": 0.6870689028587588, "kurtosis_kurtosis": 11.900551123706638, "kurtosis_max": 214.66997242752612, "kurtosis_mean": 21.29521689305367, "kurtosis_median": 0.5069631324852606, "kurtosis_min": -1.9971378336902235, "kurtosis_skew": 3.387495100540369, "kurtosis_std": 55.36033667840478, "n_categorical": 0, "n_classes": 2, "n_columns": 15, "n_numerical": 14, "n_rows": 690, "pca_fraction_95": 0.07142857142857142, "ratio_rowcol": 46.0, "skew_kurtosis": 6.825909278141882, "skew_max": 13.140655014445459, "skew_mean": 1.6774970303594132, "skew_median": 0.38099919060115567, "skew_min": -1.9447254706547497, "skew_skew": 2.413185722352925, "skew_std": 3.638572584583661, "symbols_kurtosis": null, "symbols_max": null, "symbols_mean": null, "symbols_min": null, "symbols_skew": null, "symbols_std": null, "symbols_sum": null}