{"class_prob_max": 0.7027972027972028, "class_prob_mean": 0.5, "class_prob_median": 0.5, "class_prob_min": 0.2972027972027972, "class_prob_std": 0.28679855460713116, "diversity_fraction": 0.9188139686566354, "entropy_dependent": 0.6084755754298137, "kurtosis_kurtosis": -0.9900395306465439, "kurtosis_max": 0.8659367562086295, "kurtosis_mean": -0.5426446947254934, "kurtosis_median": -0.46945225008620817, "kurtosis_min": -1.9979453284763162, "kurtosis_skew": -0.33196932701980525, "kurtosis_std": 0.9494527294484085, "n_categorical": 0, "n_classes": 2, "n_columns": 10, "n_numerical": 9, "n_rows": 286, "pca_fraction_95": 0.6666666666666666, "ratio_rowcol": 28.6, "skew_kurtosis": -1.0280919230938976, "skew_max": 1.4018277144361688, "skew_mean": 0.4889112353886094, "skew_median": 0.5036443477138223, "skew_min": -0.14799309687736134, "skew_skew": 0.5406178378373535, "skew_std": 0.5328794145891989, "symbols_kurtosis": 0, "symbols_max": 0, "symbols_mean": 0, "symbols_min": 0, "symbols_skew": 0, "symbols_std": 0, "symbols_sum": 0}