{"class_prob_max": 0.7027972027972028, "class_prob_mean": 0.5, "class_prob_median": 0.5, "class_prob_min": 0.2972027972027972, "class_prob_std": 0.28679855460713116, "corr_with_dependent_abs_25p": null, "corr_with_dependent_abs_75p": null, "corr_with_dependent_abs_kurtosis": null, "corr_with_dependent_abs_max": null, "corr_with_dependent_abs_mean": null, "corr_with_dependent_abs_median": null, "corr_with_dependent_abs_min": null, "corr_with_dependent_abs_skew": null, "corr_with_dependent_abs_std": null, "diversity_fraction": 0.9188139686566354, "entropy_dependent": 0.6084755754298137, "kurtosis_kurtosis": -0.9900395306465448, "kurtosis_max": 0.8659367562086295, "kurtosis_mean": -0.5426446947254934, "kurtosis_median": -0.46945225008620817, "kurtosis_min": -1.9979453284763162, "kurtosis_skew": -0.3319693270198053, "kurtosis_std": 0.9494527294484085, "n_categorical": 0, "n_classes": 2, "n_columns": 10, "n_numerical": 9, "n_rows": 286, "pca_fraction_95": 0.6666666666666666, "ratio_rowcol": 28.6, "skew_kurtosis": -1.028091923093897, "skew_max": 1.4018277144361688, "skew_mean": 0.48891123538860953, "skew_median": 0.5036443477138223, "skew_min": -0.14799309687736134, "skew_skew": 0.5406178378373525, "skew_std": 0.5328794145891987, "symbols_kurtosis": null, "symbols_max": null, "symbols_mean": null, "symbols_min": null, "symbols_skew": null, "symbols_std": null, "symbols_sum": null}