{"class_prob_max": 0.6666666666666666, "class_prob_mean": 0.5, "class_prob_median": 0.5, "class_prob_min": 0.3333333333333333, "class_prob_std": 0.23570226039551584, "diversity_fraction": 0.9449407874211548, "entropy_dependent": 0.6365141682948128, "kurtosis_kurtosis": 2.3487071663202777, "kurtosis_max": 16.179044575329623, "kurtosis_mean": 2.4245886263027696, "kurtosis_median": -0.12015247154469799, "kurtosis_min": -1.5022388059701495, "kurtosis_skew": 1.820323948995968, "kurtosis_std": 5.903189910763228, "n_categorical": 0, "n_classes": 2, "n_columns": 10, "n_numerical": 9, "n_rows": 672, "pca_fraction_95": 0.5555555555555556, "ratio_rowcol": 67.2, "skew_kurtosis": 1.1057034648609054, "skew_max": 4.258039609294857, "skew_mean": 1.027215883472714, "skew_median": 0.4156060771594259, "skew_min": -0.0161177395257077, "skew_skew": 1.5801396948654884, "skew_std": 1.51159958577711, "symbols_kurtosis": 0, "symbols_max": 0, "symbols_mean": 0, "symbols_min": 0, "symbols_skew": 0, "symbols_std": 0, "symbols_sum": 0}