{"class_prob_max": 0.6666666666666666, "class_prob_mean": 0.5, "class_prob_median": 0.5, "class_prob_min": 0.3333333333333333, "class_prob_std": 0.23570226039551584, "corr_with_dependent_abs_25p": null, "corr_with_dependent_abs_75p": null, "corr_with_dependent_abs_kurtosis": null, "corr_with_dependent_abs_max": null, "corr_with_dependent_abs_mean": null, "corr_with_dependent_abs_median": null, "corr_with_dependent_abs_min": null, "corr_with_dependent_abs_skew": null, "corr_with_dependent_abs_std": null, "diversity_fraction": 0.9449407874211548, "entropy_dependent": 0.6365141682948128, "kurtosis_kurtosis": 2.3487071663202777, "kurtosis_max": 16.179044575329623, "kurtosis_mean": 2.4245886263027696, "kurtosis_median": -0.12015247154469799, "kurtosis_min": -1.5022388059701495, "kurtosis_skew": 1.8203239489959677, "kurtosis_std": 5.903189910763228, "n_categorical": 0, "n_classes": 2, "n_columns": 10, "n_numerical": 9, "n_rows": 672, "pca_fraction_95": 0.5555555555555556, "ratio_rowcol": 67.2, "skew_kurtosis": 1.1057034648609072, "skew_max": 4.258039609294857, "skew_mean": 1.0272158834727139, "skew_median": 0.4156060771594259, "skew_min": -0.0161177395257077, "skew_skew": 1.5801396948654893, "skew_std": 1.5115995857771103, "symbols_kurtosis": null, "symbols_max": null, "symbols_mean": null, "symbols_min": null, "symbols_skew": null, "symbols_std": null, "symbols_sum": null}