{"class_prob_max": 0.09090909090909091, "class_prob_mean": 0.09090909090909093, "class_prob_median": 0.09090909090909091, "class_prob_min": 0.09090909090909091, "class_prob_std": 1.4555146645863654e-17, "diversity_fraction": 1.0, "entropy_dependent": 2.3978952727983707, "kurtosis_kurtosis": 0.6623091603112519, "kurtosis_max": 0.15243688024771584, "kurtosis_mean": -0.6997883335013285, "kurtosis_median": -0.4894416536336923, "kurtosis_min": -1.9861050253937387, "kurtosis_skew": -1.1748437459217365, "kurtosis_std": 0.6321717286118461, "n_categorical": 0, "n_classes": 11, "n_columns": 14, "n_numerical": 13, "n_rows": 990, "pca_fraction_95": 0.46153846153846156, "ratio_rowcol": 70.71428571428571, "skew_kurtosis": -0.47134701566454273, "skew_max": 0.3570604221210377, "skew_mean": 0.04949890459778804, "skew_median": 0.01649917601460066, "skew_min": -0.20615204556382108, "skew_skew": 0.42634654196643645, "skew_std": 0.16243551765666656, "symbols_kurtosis": 0, "symbols_max": 0, "symbols_mean": 0, "symbols_min": 0, "symbols_skew": 0, "symbols_std": 0, "symbols_sum": 0}