{"class_prob_max": 0.09090909090909091, "class_prob_mean": 0.09090909090909093, "class_prob_median": 0.09090909090909091, "class_prob_min": 0.09090909090909091, "class_prob_std": 1.4555146645863654e-17, "corr_with_dependent_abs_25p": null, "corr_with_dependent_abs_75p": null, "corr_with_dependent_abs_kurtosis": null, "corr_with_dependent_abs_max": null, "corr_with_dependent_abs_mean": null, "corr_with_dependent_abs_median": null, "corr_with_dependent_abs_min": null, "corr_with_dependent_abs_skew": null, "corr_with_dependent_abs_std": null, "diversity_fraction": 1.0, "entropy_dependent": 2.3978952727983707, "kurtosis_kurtosis": 0.6623091603112545, "kurtosis_max": 0.15243688024771584, "kurtosis_mean": -0.6997883335013284, "kurtosis_median": -0.4894416536336923, "kurtosis_min": -1.9861050253937387, "kurtosis_skew": -1.1748437459217373, "kurtosis_std": 0.632171728611846, "n_categorical": 0, "n_classes": 11, "n_columns": 14, "n_numerical": 13, "n_rows": 990, "pca_fraction_95": 0.46153846153846156, "ratio_rowcol": 70.71428571428571, "skew_kurtosis": -0.47134701566454273, "skew_max": 0.3570604221210377, "skew_mean": 0.04949890459778804, "skew_median": 0.01649917601460066, "skew_min": -0.20615204556382108, "skew_skew": 0.42634654196643634, "skew_std": 0.16243551765666656, "symbols_kurtosis": null, "symbols_max": null, "symbols_mean": null, "symbols_min": null, "symbols_skew": null, "symbols_std": null, "symbols_sum": null}