{"class_prob_max": 0.5, "class_prob_mean": 0.5, "class_prob_median": 0.5, "class_prob_min": 0.5, "class_prob_std": 0.0, "diversity_fraction": 0.9999999999999999, "entropy_dependent": 0.6931471805599453, "kurtosis_kurtosis": 17.331885171017273, "kurtosis_max": 40.86799838561809, "kurtosis_mean": 2.8759738071728354, "kurtosis_median": 0.03067548616245208, "kurtosis_min": -0.9601757007422402, "kurtosis_skew": 4.0700314146422905, "kurtosis_std": 8.984281541056905, "n_categorical": 0, "n_classes": 2, "n_columns": 21, "n_numerical": 20, "n_rows": 1600, "pca_fraction_95": 0.85, "ratio_rowcol": 76.19047619047619, "skew_kurtosis": 8.901582916284195, "skew_max": 6.543463525624583, "skew_mean": 1.4301212082877686, "skew_median": 1.021849516750044, "skew_min": 0.12472042642161385, "skew_skew": 2.6852913508247442, "skew_std": 1.383896532995435, "symbols_kurtosis": 0, "symbols_max": 0, "symbols_mean": 0, "symbols_min": 0, "symbols_skew": 0, "symbols_std": 0, "symbols_sum": 0}