{"class_prob_max": 0.3443708609271523, "class_prob_mean": 0.3333333333333333, "class_prob_median": 0.33112582781456956, "class_prob_min": 0.32450331125827814, "class_prob_std": 0.01011606113676785, "corr_with_dependent_abs_25p": null, "corr_with_dependent_abs_75p": null, "corr_with_dependent_abs_kurtosis": null, "corr_with_dependent_abs_max": null, "corr_with_dependent_abs_mean": null, "corr_with_dependent_abs_median": null, "corr_with_dependent_abs_min": null, "corr_with_dependent_abs_skew": null, "corr_with_dependent_abs_std": null, "dataset_hash": "41491d25aceb2c36746add6337013143927db4b17bb0161cf0e661f08505fc6c", "diversity_fraction": 0.9996939642233177, "entropy_dependent": 1.0983062060529227, "kurtosis_kurtosis": 0.6876429746788348, "kurtosis_max": 1.8449043860756031, "kurtosis_mean": 0.06846993038188876, "kurtosis_median": -0.34747425530201426, "kurtosis_min": -1.1542090953854602, "kurtosis_skew": 0.9742818040636011, "kurtosis_std": 1.0329600015315337, "metafeature_version": "1.0", "n_categorical": 0, "n_classes": 3, "n_columns": 6, "n_numerical": 5, "n_rows": 151, "pca_fraction_95": 0.6, "ratio_rowcol": 25.166666666666668, "skew_kurtosis": -2.7136052207786716, "skew_max": 0.8701667338818015, "skew_mean": -0.43474804080762813, "skew_median": -0.008312804753781204, "skew_min": -1.9546465216377116, "skew_skew": -0.3931222178030861, "skew_std": 1.1291787874004051, "symbols_kurtosis": 0, "symbols_max": 0, "symbols_mean": 0, "symbols_min": 0, "symbols_skew": 0, "symbols_std": 0, "symbols_sum": 0}