{"class_prob_max": 0.5550724637681159, "class_prob_mean": 0.5, "class_prob_median": 0.5, "class_prob_min": 0.4449275362318841, "class_prob_std": 0.07788422517417042, "diversity_fraction": 0.9939401576580635, "entropy_dependent": 0.6870689028587588, "kurtosis_kurtosis": 12.94123889663407, "kurtosis_max": 214.6699724275262, "kurtosis_mean": 18.53510013910092, "kurtosis_median": -0.4623870883630605, "kurtosis_min": -1.997137833690224, "kurtosis_skew": 3.5427472572724503, "kurtosis_std": 53.98295005033692, "n_categorical": 0, "n_classes": 2, "n_columns": 16, "n_numerical": 15, "n_rows": 690, "pca_fraction_95": 0.06666666666666667, "ratio_rowcol": 43.125, "skew_kurtosis": 8.190688436852394, "skew_max": 13.140655014445459, "skew_mean": 1.7758729828902748, "skew_median": 0.40880695178619747, "skew_min": -1.0731725473018399, "skew_skew": 2.6959528237744, "skew_std": 3.413599379878005, "symbols_kurtosis": 0, "symbols_max": 0, "symbols_mean": 0, "symbols_min": 0, "symbols_skew": 0, "symbols_std": 0, "symbols_sum": 0}