{"class_prob_max": 0.5550724637681159, "class_prob_mean": 0.5, "class_prob_median": 0.5, "class_prob_min": 0.4449275362318841, "class_prob_std": 0.07788422517417042, "corr_with_dependent_abs_25p": null, "corr_with_dependent_abs_75p": null, "corr_with_dependent_abs_kurtosis": null, "corr_with_dependent_abs_max": null, "corr_with_dependent_abs_mean": null, "corr_with_dependent_abs_median": null, "corr_with_dependent_abs_min": null, "corr_with_dependent_abs_skew": null, "corr_with_dependent_abs_std": null, "diversity_fraction": 0.9939401576580635, "entropy_dependent": 0.6870689028587588, "kurtosis_kurtosis": 12.94123889663407, "kurtosis_max": 214.6699724275262, "kurtosis_mean": 18.535100139100923, "kurtosis_median": -0.4623870883630605, "kurtosis_min": -1.997137833690224, "kurtosis_skew": 3.542747257272449, "kurtosis_std": 53.98295005033691, "n_categorical": 0, "n_classes": 2, "n_columns": 16, "n_numerical": 15, "n_rows": 690, "pca_fraction_95": 0.06666666666666667, "ratio_rowcol": 43.125, "skew_kurtosis": 8.190688436852398, "skew_max": 13.140655014445459, "skew_mean": 1.7758729828902753, "skew_median": 0.40880695178619747, "skew_min": -1.0731725473018399, "skew_skew": 2.6959528237744, "skew_std": 3.413599379878005, "symbols_kurtosis": null, "symbols_max": null, "symbols_mean": null, "symbols_min": null, "symbols_skew": null, "symbols_std": null, "symbols_sum": null}