{"class_prob_max": 0.14285714285714285, "class_prob_mean": 0.14285714285714282, "class_prob_median": 0.14285714285714285, "class_prob_min": 0.14285714285714285, "class_prob_std": 2.997944808332385e-17, "diversity_fraction": 0.9999999999999997, "entropy_dependent": 1.945910149055313, "kurtosis_kurtosis": 7.264675596917185, "kurtosis_max": 339.22085035099445, "kurtosis_mean": 38.5171846983183, "kurtosis_median": 0.6887411253798528, "kurtosis_min": -1.2158709698911392, "kurtosis_skew": 2.794146554451799, "kurtosis_std": 90.06972703848916, "n_categorical": 1, "n_classes": 7, "n_columns": 20, "n_numerical": 18, "n_rows": 2310, "pca_fraction_95": 0.21052631578947367, "ratio_rowcol": 115.5, "skew_kurtosis": 3.7884416909737846, "skew_max": 16.900929819683405, "skew_mean": 3.3209588206135927, "skew_median": 1.302781436859227, "skew_min": -0.88536098472236, "skew_skew": 2.0749658551510706, "skew_std": 4.7156745726254305, "symbols_kurtosis": -3.0, "symbols_max": 1, "symbols_mean": 1, "symbols_min": 1, "symbols_skew": 0.0, "symbols_std": 0.0, "symbols_sum": 1}