{"class_prob_max": 0.5625, "class_prob_mean": 0.5, "class_prob_median": 0.5, "class_prob_min": 0.4375, "class_prob_std": 0.08838834764831845, "diversity_fraction": 0.9921976245090578, "entropy_dependent": 0.6853142072764582, "kurtosis_kurtosis": 5.999999999999995, "kurtosis_max": -2.00212707809332, "kurtosis_mean": -2.021585935520861, "kurtosis_median": -2.0254777070063694, "kurtosis_min": -2.0254777070063694, "kurtosis_skew": 2.4494897427831774, "kurtosis_std": 0.008702265594491746, "n_categorical": 0, "n_classes": 2, "n_columns": 7, "n_numerical": 6, "n_rows": 160, "pca_fraction_95": 1.0, "ratio_rowcol": 22.857142857142858, "skew_kurtosis": 6.000000000000002, "skew_max": 0.151850989799428, "skew_mean": 0.025308498299904666, "skew_median": 0.0, "skew_min": 0.0, "skew_skew": 2.449489742783178, "skew_std": 0.056591522607024686, "symbols_kurtosis": 0, "symbols_max": 0, "symbols_mean": 0, "symbols_min": 0, "symbols_skew": 0, "symbols_std": 0, "symbols_sum": 0}