{"class_prob_max": 0.5550724637681159, "class_prob_mean": 0.5, "class_prob_median": 0.5, "class_prob_min": 0.4449275362318841, "class_prob_std": 0.07788422517417042, "corr_with_dependent_abs_25p": null, "corr_with_dependent_abs_75p": null, "corr_with_dependent_abs_kurtosis": null, "corr_with_dependent_abs_max": null, "corr_with_dependent_abs_mean": null, "corr_with_dependent_abs_median": null, "corr_with_dependent_abs_min": null, "corr_with_dependent_abs_skew": null, "corr_with_dependent_abs_std": null, "dataset_hash": "45bcaa9884697a5528fb50f40be3da339d49aa3e0071595c16a1e96e1efdd813", "diversity_fraction": 0.9939401576580635, "entropy_dependent": 0.6870689028587588, "kurtosis_kurtosis": 12.9420274025784, "kurtosis_max": 214.66997242752612, "kurtosis_mean": 18.542171513765588, "kurtosis_median": -0.4623870883630605, "kurtosis_min": -1.997137833690224, "kurtosis_skew": 3.542879847136348, "kurtosis_std": 53.98035200711937, "metafeature_version": "1.0", "n_categorical": 0, "n_classes": 2, "n_columns": 16, "n_numerical": 15, "n_rows": 690, "pca_fraction_95": 0.06666666666666667, "ratio_rowcol": 43.125, "skew_kurtosis": 8.206405670281862, "skew_max": 13.14065501444545, "skew_mean": 1.7835040600691452, "skew_median": 0.40880695178619747, "skew_min": -1.0731725473018399, "skew_skew": 2.698079283250024, "skew_std": 3.4101816028524117, "symbols_kurtosis": 0, "symbols_max": 0, "symbols_mean": 0, "symbols_min": 0, "symbols_skew": 0, "symbols_std": 0, "symbols_sum": 0}