{"class_prob_max": 0.5192307692307693, "class_prob_mean": 0.5, "class_prob_median": 0.5, "class_prob_min": 0.4807692307692308, "class_prob_std": 0.02719641466102108, "diversity_fraction": 0.9992604461682089, "entropy_dependent": 0.6924073531233138, "kurtosis_kurtosis": -1.70132572228068, "kurtosis_max": 16.59695191408379, "kurtosis_mean": 7.836560610846651, "kurtosis_median": 5.738477976321207, "kurtosis_min": -1.2, "kurtosis_skew": 0.08261182719873875, "kurtosis_std": 5.986270643408495, "n_categorical": 0, "n_classes": 2, "n_columns": 10, "n_numerical": 9, "n_rows": 52, "pca_fraction_95": 0.1111111111111111, "ratio_rowcol": 5.2, "skew_kurtosis": -1.212321004316162, "skew_max": 1.5153236456169954, "skew_mean": -1.6856151954365597, "skew_median": -2.274155399430698, "skew_min": -3.582009126516219, "skew_skew": 0.7550068953363275, "skew_std": 1.8577977300497648, "symbols_kurtosis": 0, "symbols_max": 0, "symbols_mean": 0, "symbols_min": 0, "symbols_skew": 0, "symbols_std": 0, "symbols_sum": 0}