{"class_prob_max": 0.37073170731707317, "class_prob_mean": 0.2, "class_prob_median": 0.14146341463414633, "class_prob_min": 0.06341463414634146, "class_prob_std": 0.1457304316711186, "corr_with_dependent_abs_25p": null, "corr_with_dependent_abs_75p": null, "corr_with_dependent_abs_kurtosis": null, "corr_with_dependent_abs_max": null, "corr_with_dependent_abs_mean": null, "corr_with_dependent_abs_median": null, "corr_with_dependent_abs_min": null, "corr_with_dependent_abs_skew": null, "corr_with_dependent_abs_std": null, "dataset_hash": "4a49ce95c85e85ccbdb8a195aa44d54b36c4096ad4b512f9c823c8bdf8227395", "diversity_fraction": 0.8052297154644412, "entropy_dependent": 1.3928102309882633, "kurtosis_kurtosis": 7.872192750583633, "kurtosis_max": 54.353735291173194, "kurtosis_mean": 9.660947803594228, "kurtosis_median": 2.7320784511811285, "kurtosis_min": -0.17529132214701626, "kurtosis_skew": 2.7601186178503934, "kurtosis_std": 16.16274003378177, "metafeature_version": "1.0", "n_categorical": 0, "n_classes": 5, "n_columns": 10, "n_numerical": 9, "n_rows": 205, "pca_fraction_95": 0.4444444444444444, "ratio_rowcol": 20.5, "skew_kurtosis": 1.4740011148022418, "skew_max": 6.5877249935962015, "skew_mean": 1.5796358034486402, "skew_median": 1.6890257496403824, "skew_min": -1.2583657711950158, "skew_skew": 0.9873411169455109, "skew_std": 2.269990541024627, "symbols_kurtosis": 0, "symbols_max": 0, "symbols_mean": 0, "symbols_min": 0, "symbols_skew": 0, "symbols_std": 0, "symbols_sum": 0}