{"class_prob_max": 0.1, "class_prob_mean": 0.09999999999999999, "class_prob_median": 0.1, "class_prob_min": 0.1, "class_prob_std": 1.4628472785736255e-17, "corr_with_dependent_abs_25p": null, "corr_with_dependent_abs_75p": null, "corr_with_dependent_abs_kurtosis": null, "corr_with_dependent_abs_max": null, "corr_with_dependent_abs_mean": null, "corr_with_dependent_abs_median": null, "corr_with_dependent_abs_min": null, "corr_with_dependent_abs_skew": null, "corr_with_dependent_abs_std": null, "dataset_hash": "28214afcae9fb88d835a37684142179eb1ab4d59d2539074494c0d7a119e36e0", "diversity_fraction": 0.9999999999999997, "entropy_dependent": 2.3025850929940455, "kurtosis_kurtosis": 41.94989341335956, "kurtosis_max": 18.116346562001436, "kurtosis_mean": -0.8156476120590066, "kurtosis_median": -1.5502761084811096, "kurtosis_min": -1.9183986446879149, "kurtosis_skew": 5.170437848341528, "kurtosis_std": 1.902999048441473, "metafeature_version": "1.0", "n_categorical": 0, "n_classes": 10, "n_columns": 241, "n_numerical": 240, "n_rows": 2000, "pca_fraction_95": 0.36666666666666664, "ratio_rowcol": 8.298755186721992, "skew_kurtosis": 1.6174049260738013, "skew_max": 4.302409293941369, "skew_mean": -0.034339530983891864, "skew_median": -0.18381447481456709, "skew_min": -2.3385106127782476, "skew_skew": 0.8752856701060177, "skew_std": 0.9680540846691864, "symbols_kurtosis": 0, "symbols_max": 0, "symbols_mean": 0, "symbols_min": 0, "symbols_skew": 0, "symbols_std": 0, "symbols_sum": 0}