{"class_prob_max": 0.31304935767410413, "class_prob_mean": 0.1111111111111111, "class_prob_median": 0.034482758620689655, "class_prob_min": 0.013522650439486139, "class_prob_std": 0.11917207327126328, "diversity_fraction": 0.6139854195016111, "entropy_dependent": 1.7094404794792195, "kurtosis_kurtosis": 1.4713242427624822, "kurtosis_max": 159.88351064858207, "kurtosis_mean": 35.928848696702744, "kurtosis_median": 5.02323112828042, "kurtosis_min": 0.4892319696122791, "kurtosis_skew": 1.6613261901225564, "kurtosis_std": 57.55057799282051, "n_categorical": 0, "n_classes": 9, "n_columns": 9, "n_numerical": 8, "n_rows": 1479, "pca_fraction_95": 0.875, "ratio_rowcol": 164.33333333333334, "skew_kurtosis": 0.1426731911568644, "skew_max": 12.71484594472444, "skew_mean": 3.227607808717729, "skew_median": 1.0262804386700513, "skew_min": -1.7899178324894778, "skew_skew": 1.2765734469236776, "skew_std": 4.94030555818807, "symbols_kurtosis": 0, "symbols_max": 0, "symbols_mean": 0, "symbols_min": 0, "symbols_skew": 0, "symbols_std": 0, "symbols_sum": 0}