{"class_prob_max": 0.6491228070175439, "class_prob_mean": 0.5, "class_prob_median": 0.5, "class_prob_min": 0.3508771929824561, "class_prob_std": 0.2108914961433563, "diversity_fraction": 0.9558452846550317, "entropy_dependent": 0.6479879653974252, "kurtosis_kurtosis": 5.534501971807087, "kurtosis_max": 7.19891383238855, "kurtosis_mean": 0.0603352563479892, "kurtosis_median": -0.6343672730119405, "kurtosis_min": -2.013318368873924, "kurtosis_skew": 2.364710989141667, "kurtosis_std": 2.298722708797277, "n_categorical": 0, "n_classes": 2, "n_columns": 17, "n_numerical": 16, "n_rows": 57, "pca_fraction_95": 0.5, "ratio_rowcol": 3.3529411764705883, "skew_kurtosis": 1.2103684427483676, "skew_max": 1.1736177575095483, "skew_mean": -0.10085868455300251, "skew_median": 0.23995183432023956, "skew_min": -2.7805819601137265, "skew_skew": -1.3385633255506377, "skew_std": 1.0941132591510403, "symbols_kurtosis": 0, "symbols_max": 0, "symbols_mean": 0, "symbols_min": 0, "symbols_skew": 0, "symbols_std": 0, "symbols_sum": 0}