{"class_prob_max": 0.16494845360824742, "class_prob_mean": 0.07692307692307693, "class_prob_median": 0.05979381443298969, "class_prob_min": 0.03505154639175258, "class_prob_std": 0.04111997637572345, "diversity_fraction": 0.8891699557631056, "entropy_dependent": 2.447482472057889, "kurtosis_kurtosis": 7.30045688371759, "kurtosis_max": 29.005899395153826, "kurtosis_mean": 3.1318300280066733, "kurtosis_median": 0.5528412506649127, "kurtosis_min": -3.0, "kurtosis_skew": 2.6788241378215223, "kurtosis_std": 7.177119323567661, "n_categorical": 0, "n_classes": 13, "n_columns": 24, "n_numerical": 23, "n_rows": 485, "pca_fraction_95": 0.043478260869565216, "ratio_rowcol": 20.208333333333332, "skew_kurtosis": 2.328779083416851, "skew_max": 4.183908012711108, "skew_mean": 1.0229685591513769, "skew_median": 0.7017714330441087, "skew_min": -0.03323762992194209, "skew_skew": 1.6395892282577191, "skew_std": 1.0840009104295978, "symbols_kurtosis": 0, "symbols_max": 0, "symbols_mean": 0, "symbols_min": 0, "symbols_skew": 0, "symbols_std": 0, "symbols_sum": 0}