{"class_prob_max": 0.16494845360824742, "class_prob_mean": 0.07692307692307693, "class_prob_median": 0.05979381443298969, "class_prob_min": 0.03505154639175258, "class_prob_std": 0.04111997637572345, "corr_with_dependent_abs_25p": null, "corr_with_dependent_abs_75p": null, "corr_with_dependent_abs_kurtosis": null, "corr_with_dependent_abs_max": null, "corr_with_dependent_abs_mean": null, "corr_with_dependent_abs_median": null, "corr_with_dependent_abs_min": null, "corr_with_dependent_abs_skew": null, "corr_with_dependent_abs_std": null, "diversity_fraction": 0.8891699557631056, "entropy_dependent": 2.447482472057889, "kurtosis_kurtosis": 7.300456883717594, "kurtosis_max": 29.005899395153826, "kurtosis_mean": 3.1318300280066733, "kurtosis_median": 0.5528412506649127, "kurtosis_min": -3.0, "kurtosis_skew": 2.6788241378215223, "kurtosis_std": 7.177119323567661, "n_categorical": 0, "n_classes": 13, "n_columns": 24, "n_numerical": 23, "n_rows": 485, "pca_fraction_95": 0.043478260869565216, "ratio_rowcol": 20.208333333333332, "skew_kurtosis": 2.3287790834168485, "skew_max": 4.183908012711108, "skew_mean": 1.022968559151377, "skew_median": 0.7017714330441087, "skew_min": -0.03323762992194209, "skew_skew": 1.6395892282577176, "skew_std": 1.0840009104295978, "symbols_kurtosis": null, "symbols_max": null, "symbols_mean": null, "symbols_min": null, "symbols_skew": null, "symbols_std": null, "symbols_sum": null}