{"class_prob_max": 0.5550724637681159, "class_prob_mean": 0.5, "class_prob_median": 0.5, "class_prob_min": 0.4449275362318841, "class_prob_std": 0.07788422517417042, "diversity_fraction": 0.9939401576580635, "entropy_dependent": 0.6870689028587588, "kurtosis_kurtosis": 12.941238896634061, "kurtosis_max": 214.66997242752618, "kurtosis_mean": 18.535100139100923, "kurtosis_median": -0.4623870883630605, "kurtosis_min": -1.9971378336902235, "kurtosis_skew": 3.5427472572724494, "kurtosis_std": 53.9829500503369, "n_categorical": 0, "n_classes": 2, "n_columns": 16, "n_numerical": 15, "n_rows": 690, "pca_fraction_95": 0.06666666666666667, "ratio_rowcol": 43.125, "skew_kurtosis": 8.190688436852392, "skew_max": 13.14065501444546, "skew_mean": 1.775872982890275, "skew_median": 0.40880695178619747, "skew_min": -1.07317254730184, "skew_skew": 2.6959528237744, "skew_std": 3.413599379878006, "symbols_kurtosis": 0, "symbols_max": 0, "symbols_mean": 0, "symbols_min": 0, "symbols_skew": 0, "symbols_std": 0, "symbols_sum": 0}