{"class_prob_max": 0.5555555555555556, "class_prob_mean": 0.5, "class_prob_median": 0.5, "class_prob_min": 0.4444444444444444, "class_prob_std": 0.07856742013183865, "corr_with_dependent_abs_25p": null, "corr_with_dependent_abs_75p": null, "corr_with_dependent_abs_kurtosis": null, "corr_with_dependent_abs_max": null, "corr_with_dependent_abs_mean": null, "corr_with_dependent_abs_median": null, "corr_with_dependent_abs_min": null, "corr_with_dependent_abs_skew": null, "corr_with_dependent_abs_std": null, "diversity_fraction": 0.9938334875012086, "entropy_dependent": 0.6869615765973234, "kurtosis_kurtosis": 2.035200675815677, "kurtosis_max": 4.895598990181744, "kurtosis_mean": 0.11514511097134236, "kurtosis_median": -0.29654784780381016, "kurtosis_min": -2.0053576884311695, "kurtosis_skew": 1.3093611811375594, "kurtosis_std": 1.8476470074174953, "n_categorical": 0, "n_classes": 2, "n_columns": 14, "n_numerical": 13, "n_rows": 270, "pca_fraction_95": 0.23076923076923078, "ratio_rowcol": 19.285714285714285, "skew_kurtosis": -0.8149548780847988, "skew_max": 1.9919705589929442, "skew_mean": 0.4269630907277235, "skew_median": 0.5431509619840623, "skew_min": -0.8787672368342891, "skew_skew": 0.04162684768144088, "skew_std": 0.8391340923597836, "symbols_kurtosis": null, "symbols_max": null, "symbols_mean": null, "symbols_min": null, "symbols_skew": null, "symbols_std": null, "symbols_sum": null}