{"class_prob_max": 0.5555555555555556, "class_prob_mean": 0.5, "class_prob_median": 0.5, "class_prob_min": 0.4444444444444444, "class_prob_std": 0.07856742013183865, "diversity_fraction": 0.9938334875012086, "entropy_dependent": 0.6869615765973234, "kurtosis_kurtosis": 2.0352006758156804, "kurtosis_max": 4.895598990181744, "kurtosis_mean": 0.11514511097134236, "kurtosis_median": -0.29654784780381016, "kurtosis_min": -2.0053576884311695, "kurtosis_skew": 1.3093611811375598, "kurtosis_std": 1.8476470074174949, "n_categorical": 0, "n_classes": 2, "n_columns": 14, "n_numerical": 13, "n_rows": 270, "pca_fraction_95": 0.23076923076923078, "ratio_rowcol": 19.285714285714285, "skew_kurtosis": -0.8149548780848002, "skew_max": 1.9919705589929442, "skew_mean": 0.42696309072772354, "skew_median": 0.5431509619840623, "skew_min": -0.8787672368342891, "skew_skew": 0.041626847681440836, "skew_std": 0.8391340923597836, "symbols_kurtosis": 0, "symbols_max": 0, "symbols_mean": 0, "symbols_min": 0, "symbols_skew": 0, "symbols_std": 0, "symbols_sum": 0}