{"class_prob_max": 0.5445544554455446, "class_prob_mean": 0.5, "class_prob_median": 0.5, "class_prob_min": 0.45544554455445546, "class_prob_std": 0.06300951515523692, "corr_with_dependent_abs_25p": null, "corr_with_dependent_abs_75p": null, "corr_with_dependent_abs_kurtosis": null, "corr_with_dependent_abs_max": null, "corr_with_dependent_abs_mean": null, "corr_with_dependent_abs_median": null, "corr_with_dependent_abs_min": null, "corr_with_dependent_abs_skew": null, "corr_with_dependent_abs_std": null, "diversity_fraction": 0.9960324217997925, "entropy_dependent": 0.6891717106404252, "kurtosis_kurtosis": 2.090702552776632, "kurtosis_max": 4.505423167753712, "kurtosis_mean": 0.32474410799265085, "kurtosis_median": -0.06196993057611522, "kurtosis_min": -1.4583166825574487, "kurtosis_skew": 1.3082321708522762, "kurtosis_std": 1.6091052424538896, "n_categorical": 0, "n_classes": 2, "n_columns": 14, "n_numerical": 13, "n_rows": 303, "pca_fraction_95": 0.23076923076923078, "ratio_rowcol": 21.642857142857142, "skew_kurtosis": -1.3261298563512116, "skew_max": 1.986651930914452, "skew_mean": 0.28316409805446174, "skew_median": -0.2024633654856539, "skew_min": -0.7913351914808322, "skew_skew": 0.4420326491398767, "skew_std": 0.9049050742226589, "symbols_kurtosis": null, "symbols_max": null, "symbols_mean": null, "symbols_min": null, "symbols_skew": null, "symbols_std": null, "symbols_sum": null}