{"class_prob_max": 0.7, "class_prob_mean": 0.5, "class_prob_median": 0.5, "class_prob_min": 0.3, "class_prob_std": 0.282842712474619, "diversity_fraction": 0.9210113875186566, "entropy_dependent": 0.6108643020548935, "kurtosis_kurtosis": 10.223408912068276, "kurtosis_max": 22.182198459856167, "kurtosis_mean": 1.6626972698695934, "kurtosis_median": -0.320543019150729, "kurtosis_min": -1.8501438979806253, "kurtosis_skew": 3.0733549230913564, "kurtosis_std": 5.434161149619665, "n_categorical": 0, "n_classes": 2, "n_columns": 21, "n_numerical": 20, "n_rows": 1000, "pca_fraction_95": 0.05, "ratio_rowcol": 47.61904761904762, "skew_kurtosis": 3.6831143582395782, "skew_max": 1.9496276798326204, "skew_mean": -0.08889226186253553, "skew_median": 0.05547705387198814, "skew_min": -4.913027374046548, "skew_skew": -1.6887923835073984, "skew_std": 1.586895527596522, "symbols_kurtosis": 0, "symbols_max": 0, "symbols_mean": 0, "symbols_min": 0, "symbols_skew": 0, "symbols_std": 0, "symbols_sum": 0}