{"class_prob_max": 0.7, "class_prob_mean": 0.5, "class_prob_median": 0.5, "class_prob_min": 0.3, "class_prob_std": 0.282842712474619, "corr_with_dependent_abs_25p": null, "corr_with_dependent_abs_75p": null, "corr_with_dependent_abs_kurtosis": null, "corr_with_dependent_abs_max": null, "corr_with_dependent_abs_mean": null, "corr_with_dependent_abs_median": null, "corr_with_dependent_abs_min": null, "corr_with_dependent_abs_skew": null, "corr_with_dependent_abs_std": null, "diversity_fraction": 0.9210113875186566, "entropy_dependent": 0.6108643020548935, "kurtosis_kurtosis": 10.223408912068267, "kurtosis_max": 22.182198459856167, "kurtosis_mean": 1.6626972698695934, "kurtosis_median": -0.320543019150729, "kurtosis_min": -1.8501438979806253, "kurtosis_skew": 3.073354923091356, "kurtosis_std": 5.434161149619666, "n_categorical": 0, "n_classes": 2, "n_columns": 21, "n_numerical": 20, "n_rows": 1000, "pca_fraction_95": 0.05, "ratio_rowcol": 47.61904761904762, "skew_kurtosis": 3.6831143582395756, "skew_max": 1.9496276798326204, "skew_mean": -0.0888922618625355, "skew_median": 0.05547705387198814, "skew_min": -4.913027374046548, "skew_skew": -1.6887923835073986, "skew_std": 1.586895527596522, "symbols_kurtosis": null, "symbols_max": null, "symbols_mean": null, "symbols_min": null, "symbols_skew": null, "symbols_std": null, "symbols_sum": null}