{"class_prob_max": 0.5651260504201681, "class_prob_mean": 0.5, "class_prob_median": 0.5, "class_prob_min": 0.43487394957983194, "class_prob_std": 0.09210214376799566, "diversity_fraction": 0.9915291266055875, "entropy_dependent": 0.6846402254103567, "kurtosis_kurtosis": 64.11270200978186, "kurtosis_max": 215.7389736769911, "kurtosis_mean": 3.6041104306705254, "kurtosis_median": -0.42718912711355017, "kurtosis_min": -1.5884815360935178, "kurtosis_skew": 7.780175814784978, "kurtosis_std": 22.072057645426582, "n_categorical": 0, "n_classes": 2, "n_columns": 169, "n_numerical": 168, "n_rows": 476, "pca_fraction_95": 0.17857142857142858, "ratio_rowcol": 2.8165680473372783, "skew_kurtosis": 28.143676611638178, "skew_max": 13.575335342050412, "skew_mean": 0.27761981132680735, "skew_median": -0.05610141222017365, "skew_min": -1.8306977107318587, "skew_skew": 4.78304894170681, "skew_std": 1.8539420582525696, "symbols_kurtosis": 0, "symbols_max": 0, "symbols_mean": 0, "symbols_min": 0, "symbols_skew": 0, "symbols_std": 0, "symbols_sum": 0}