{"class_prob_max": 0.4492131616595136, "class_prob_mean": 0.16666666666666666, "class_prob_median": 0.10780707132638463, "class_prob_min": 0.004087471898630697, "class_prob_std": 0.17807040950620695, "corr_with_dependent_abs_25p": null, "corr_with_dependent_abs_75p": null, "corr_with_dependent_abs_kurtosis": null, "corr_with_dependent_abs_max": null, "corr_with_dependent_abs_mean": null, "corr_with_dependent_abs_median": null, "corr_with_dependent_abs_min": null, "corr_with_dependent_abs_skew": null, "corr_with_dependent_abs_std": null, "dataset_hash": "f7b18b8c57c5b9c165ec09684fd263a7fd3bc89e61de218713d975121b546059", "diversity_fraction": 0.6016632058948119, "entropy_dependent": 1.283702020352865, "kurtosis_kurtosis": 7.468528538250522, "kurtosis_max": 37.57131038691703, "kurtosis_mean": 7.069393697723108, "kurtosis_median": 3.4692287356873086, "kurtosis_min": -0.6943358961696506, "kurtosis_skew": 2.6058281437089232, "kurtosis_std": 10.33146753650201, "metafeature_version": "1.0", "n_categorical": 0, "n_classes": 6, "n_columns": 12, "n_numerical": 11, "n_rows": 4893, "pca_fraction_95": 0.18181818181818182, "ratio_rowcol": 407.75, "skew_kurtosis": 8.386513762929917, "skew_max": 5.02520790009409, "skew_mean": 1.3008539837314235, "skew_median": 0.9787878649429107, "skew_min": 0.3896423954943305, "skew_skew": 2.7642708117416324, "skew_std": 1.2373967738510843, "symbols_kurtosis": 0, "symbols_max": 0, "symbols_mean": 0, "symbols_min": 0, "symbols_skew": 0, "symbols_std": 0, "symbols_sum": 0}