{"class_prob_max": 0.9522605121719886, "class_prob_mean": 0.5, "class_prob_median": 0.5, "class_prob_min": 0.04773948782801138, "class_prob_std": 0.6395929500394285, "diversity_fraction": 0.6057169678420058, "entropy_dependent": 0.19180472877974195, "kurtosis_kurtosis": 5.674298893509153, "kurtosis_max": 11.274715020483619, "kurtosis_mean": 0.9754024208671197, "kurtosis_median": -0.7458936079045904, "kurtosis_min": -1.8102010482439217, "kurtosis_skew": 2.3481722967396697, "kurtosis_std": 4.33451114983342, "n_categorical": 18, "n_classes": 2, "n_columns": 26, "n_numerical": 7, "n_rows": 3163, "pca_fraction_95": 0.14814814814814814, "ratio_rowcol": 121.65384615384616, "skew_kurtosis": 4.9584667252082895, "skew_max": 1.3707648353359791, "skew_mean": -0.013309979575150477, "skew_median": 0.22649485879222014, "skew_min": -3.519764069855642, "skew_skew": -2.104134076751415, "skew_std": 1.5078911459642106, "symbols_kurtosis": 18.000000000000014, "symbols_max": 3, "symbols_mean": 2, "symbols_min": 2, "symbols_skew": 4.2426406871192865, "symbols_std": 0.23570226039551584, "symbols_sum": 37}