{"class_prob_max": 0.5797101449275363, "class_prob_mean": 0.5, "class_prob_median": 0.5, "class_prob_min": 0.42028985507246375, "class_prob_std": 0.11272716801524674, "diversity_fraction": 0.9873192911086418, "entropy_dependent": 0.6803853852615318, "kurtosis_kurtosis": -1.5132533035746256, "kurtosis_max": 13.813911752411283, "kurtosis_mean": 6.571175730554461, "kurtosis_median": 5.901776568203541, "kurtosis_min": 0.7478828309967778, "kurtosis_skew": 0.3640509963187818, "kurtosis_std": 4.626524275971514, "n_categorical": 0, "n_classes": 2, "n_columns": 7, "n_numerical": 6, "n_rows": 345, "pca_fraction_95": 0.5, "ratio_rowcol": 49.285714285714285, "skew_kurtosis": -0.6646321925505312, "skew_max": 3.0634986423558535, "skew_mean": 1.6886196204361754, "skew_median": 1.9184459363504154, "skew_min": -0.3884331237625392, "skew_skew": -0.6787151947183487, "skew_std": 1.214588575674646, "symbols_kurtosis": 0, "symbols_max": 0, "symbols_mean": 0, "symbols_min": 0, "symbols_skew": 0, "symbols_std": 0, "symbols_sum": 0}