{"class_prob_max": 0.1, "class_prob_mean": 0.09999999999999999, "class_prob_median": 0.1, "class_prob_min": 0.1, "class_prob_std": 1.4628472785736255e-17, "corr_with_dependent_abs_25p": null, "corr_with_dependent_abs_75p": null, "corr_with_dependent_abs_kurtosis": null, "corr_with_dependent_abs_max": null, "corr_with_dependent_abs_mean": null, "corr_with_dependent_abs_median": null, "corr_with_dependent_abs_min": null, "corr_with_dependent_abs_skew": null, "corr_with_dependent_abs_std": null, "diversity_fraction": 0.9999999999999997, "entropy_dependent": 2.3025850929940455, "kurtosis_kurtosis": 0.8971138766018627, "kurtosis_max": 1.7012862999932565, "kurtosis_mean": -0.3151882007048308, "kurtosis_median": -0.4026911656287213, "kurtosis_min": -1.3893209589478595, "kurtosis_skew": 0.8236965843636694, "kurtosis_std": 0.5399663761258487, "n_categorical": 0, "n_classes": 10, "n_columns": 217, "n_numerical": 216, "n_rows": 2000, "pca_fraction_95": 0.05555555555555555, "ratio_rowcol": 9.216589861751151, "skew_kurtosis": -0.24197937711308404, "skew_max": 0.8630705307139173, "skew_mean": 0.02756051690378231, "skew_median": -0.014119361298268317, "skew_min": -1.0738237890694804, "skew_skew": -0.3981057316670624, "skew_std": 0.4246221655532512, "symbols_kurtosis": null, "symbols_max": null, "symbols_mean": null, "symbols_min": null, "symbols_skew": null, "symbols_std": null, "symbols_sum": null}