{"class_prob_max": 0.5, "class_prob_mean": 0.5, "class_prob_median": 0.5, "class_prob_min": 0.5, "class_prob_std": 0.0, "diversity_fraction": 0.9999999999999999, "entropy_dependent": 0.6931471805599453, "kurtosis_kurtosis": -1.8089368471869207, "kurtosis_max": -1.3723436787500216, "kurtosis_mean": -1.649197328295301, "kurtosis_median": -1.511753233893486, "kurtosis_min": -2.006763187649243, "kurtosis_skew": -0.808195558590044, "kurtosis_std": 0.2568655576449905, "n_categorical": 0, "n_classes": 2, "n_columns": 7, "n_numerical": 6, "n_rows": 556, "pca_fraction_95": 1.0, "ratio_rowcol": 79.42857142857143, "skew_kurtosis": -0.3569031866057615, "skew_max": 0.04329240839094111, "skew_mean": 0.003831262568088573, "skew_median": 0.0005587658440620331, "skew_min": -0.021642422257108156, "skew_skew": 0.7345966206271607, "skew_std": 0.02245468599453206, "symbols_kurtosis": 0, "symbols_max": 0, "symbols_mean": 0, "symbols_min": 0, "symbols_skew": 0, "symbols_std": 0, "symbols_sum": 0}