{"class_prob_max": 0.6137931034482759, "class_prob_mean": 0.5, "class_prob_median": 0.5, "class_prob_min": 0.38620689655172413, "class_prob_std": 0.16092775020107633, "corr_with_dependent_abs_25p": null, "corr_with_dependent_abs_75p": null, "corr_with_dependent_abs_kurtosis": null, "corr_with_dependent_abs_max": null, "corr_with_dependent_abs_mean": null, "corr_with_dependent_abs_median": null, "corr_with_dependent_abs_min": null, "corr_with_dependent_abs_skew": null, "corr_with_dependent_abs_std": null, "dataset_hash": "c2e0c24b40432bc1f4655084fb797df82357ea9a8dfd2d68cb3f2b35c04405c3", "diversity_fraction": 0.9742122631446503, "entropy_dependent": 0.667021110783824, "kurtosis_kurtosis": 0.10418486483217793, "kurtosis_max": -0.30099541697755816, "kurtosis_mean": -0.7322201313528195, "kurtosis_median": -0.6557913897084764, "kurtosis_min": -1.244465482382317, "kurtosis_skew": -0.5563267891473653, "kurtosis_std": 0.23954175114863815, "metafeature_version": "1.0", "n_categorical": 0, "n_classes": 2, "n_columns": 17, "n_numerical": 16, "n_rows": 435, "pca_fraction_95": 0.8125, "ratio_rowcol": 25.58823529411765, "skew_kurtosis": -1.0285088674702267, "skew_max": -0.0060451351670912125, "skew_mean": -0.4521515293685565, "skew_median": -0.48105981353799004, "skew_min": -0.8907121919697678, "skew_skew": 0.15535552906165354, "skew_std": 0.2689462298532285, "symbols_kurtosis": 0, "symbols_max": 0, "symbols_mean": 0, "symbols_min": 0, "symbols_skew": 0, "symbols_std": 0, "symbols_sum": 0}