{"class_prob_max": 0.5378787878787878, "class_prob_mean": 0.5, "class_prob_median": 0.5, "class_prob_min": 0.4621212121212121, "class_prob_std": 0.053568695544435406, "diversity_fraction": 0.9971317649275738, "entropy_dependent": 0.6902748242189058, "kurtosis_kurtosis": -1.500000000000001, "kurtosis_max": -0.9487800636056458, "kurtosis_mean": -1.1289031137483734, "kurtosis_median": -1.2172936187247458, "kurtosis_min": -1.2206356589147287, "kurtosis_skew": 1.731156542966946, "kurtosis_std": 0.12737353781351798, "n_categorical": 0, "n_classes": 2, "n_columns": 4, "n_numerical": 3, "n_rows": 132, "pca_fraction_95": 0.6666666666666666, "ratio_rowcol": 33.0, "skew_kurtosis": -1.5000000000000002, "skew_max": 1.0323896562668884, "skew_mean": 0.3441298854222961, "skew_median": 0.0, "skew_min": 0.0, "skew_skew": 1.7320508075688774, "skew_std": 0.48667315118211046, "symbols_kurtosis": 0, "symbols_max": 0, "symbols_mean": 0, "symbols_min": 0, "symbols_skew": 0, "symbols_std": 0, "symbols_sum": 0}