{"class_prob_max": 0.65, "class_prob_mean": 0.5, "class_prob_median": 0.5, "class_prob_min": 0.35, "class_prob_std": 0.21213203435596428, "corr_with_dependent_abs_25p": null, "corr_with_dependent_abs_75p": null, "corr_with_dependent_abs_kurtosis": null, "corr_with_dependent_abs_max": null, "corr_with_dependent_abs_mean": null, "corr_with_dependent_abs_median": null, "corr_with_dependent_abs_min": null, "corr_with_dependent_abs_skew": null, "corr_with_dependent_abs_std": null, "dataset_hash": "30c2c6292fd9bb31a8935c7ca86551a5a6c98d0832889c45424eea7823ab9c0c", "diversity_fraction": 0.9553280004261238, "entropy_dependent": 0.6474466390346325, "kurtosis_kurtosis": -1.4999999999999996, "kurtosis_max": -1.2173302577474676, "kurtosis_mean": -1.2273325978671477, "kurtosis_median": -1.2251098556183302, "kurtosis_min": -1.2395576802356452, "kurtosis_skew": -0.8523576571303721, "kurtosis_std": 0.009209416012809711, "metafeature_version": "1.0", "n_categorical": 0, "n_classes": 2, "n_columns": 4, "n_numerical": 3, "n_rows": 120, "pca_fraction_95": 0.6666666666666666, "ratio_rowcol": 30.0, "skew_kurtosis": -1.4999999999999998, "skew_max": 0.883959648163072, "skew_mean": 0.29465321605435735, "skew_median": 0.0, "skew_min": 0.0, "skew_skew": 1.732050807568877, "skew_std": 0.41670257434092195, "symbols_kurtosis": 0, "symbols_max": 0, "symbols_mean": 0, "symbols_min": 0, "symbols_skew": 0, "symbols_std": 0, "symbols_sum": 0}