{"class_prob_max": 0.625, "class_prob_mean": 0.3333333333333333, "class_prob_median": 0.20153061224489796, "class_prob_min": 0.17346938775510204, "class_prob_std": 0.2529801205891483, "corr_with_dependent_abs_25p": null, "corr_with_dependent_abs_75p": null, "corr_with_dependent_abs_kurtosis": null, "corr_with_dependent_abs_max": null, "corr_with_dependent_abs_mean": null, "corr_with_dependent_abs_median": null, "corr_with_dependent_abs_min": null, "corr_with_dependent_abs_skew": null, "corr_with_dependent_abs_std": null, "dataset_hash": "beafe7678dcb397a5a00c2faaa1934d9fc3c132aca653186677504a160b06b8a", "diversity_fraction": 0.836800364910743, "entropy_dependent": 0.9204425390753399, "kurtosis_kurtosis": -1.0110335164786732, "kurtosis_max": 0.6969469997428215, "kurtosis_mean": -0.4956535932699616, "kurtosis_median": -0.7782892556594696, "kurtosis_min": -1.3981986376833877, "kurtosis_skew": 0.7222515832990165, "kurtosis_std": 0.742916452889863, "metafeature_version": "1.0", "n_categorical": 0, "n_classes": 3, "n_columns": 8, "n_numerical": 7, "n_rows": 392, "pca_fraction_95": 0.14285714285714285, "ratio_rowcol": 49.0, "skew_kurtosis": 1.2753136014748154, "skew_max": 1.0873262824048693, "skew_mean": 0.5137861398837995, "skew_median": 0.50810924029519, "skew_min": 0.019688299628885138, "skew_skew": 0.4202653951571041, "skew_std": 0.3061495947540387, "symbols_kurtosis": 0, "symbols_max": 0, "symbols_mean": 0, "symbols_min": 0, "symbols_skew": 0, "symbols_std": 0, "symbols_sum": 0}