{"class_prob_max": 0.6904761904761905, "class_prob_mean": 0.5, "class_prob_median": 0.5, "class_prob_min": 0.30952380952380953, "class_prob_std": 0.2693740118805895, "corr_with_dependent_abs_25p": null, "corr_with_dependent_abs_75p": null, "corr_with_dependent_abs_kurtosis": null, "corr_with_dependent_abs_max": null, "corr_with_dependent_abs_mean": null, "corr_with_dependent_abs_median": null, "corr_with_dependent_abs_min": null, "corr_with_dependent_abs_skew": null, "corr_with_dependent_abs_std": null, "diversity_fraction": 0.9282742558568129, "entropy_dependent": 0.6187191250308035, "kurtosis_kurtosis": -1.0558131393072385, "kurtosis_max": 12.72062630229923, "kurtosis_mean": 2.895241513261503, "kurtosis_median": 0.7061368778280563, "kurtosis_min": -2.0922902097902094, "kurtosis_skew": 0.818605515771244, "kurtosis_std": 5.461785341507747, "n_categorical": 0, "n_classes": 2, "n_columns": 12, "n_numerical": 11, "n_rows": 42, "pca_fraction_95": 0.36363636363636365, "ratio_rowcol": 3.5, "skew_kurtosis": -1.6746070536686752, "skew_max": 3.4527580948480123, "skew_mean": 1.6690015566522256, "skew_median": 1.6354809060694193, "skew_min": -0.09891456368549041, "skew_skew": 0.19736170734598948, "skew_std": 1.2730121469100133, "symbols_kurtosis": null, "symbols_max": null, "symbols_mean": null, "symbols_min": null, "symbols_skew": null, "symbols_std": null, "symbols_sum": null}