{"class_prob_max": 0.517971442639094, "class_prob_mean": 0.5, "class_prob_median": 0.5, "class_prob_min": 0.48202855736090594, "class_prob_std": 0.025415457915616908, "diversity_fraction": 0.9993541240129039, "entropy_dependent": 0.6925010959051001, "kurtosis_kurtosis": -2.9680833883976487, "kurtosis_max": 0.5917901092911584, "kurtosis_mean": -0.542268455277132, "kurtosis_median": -0.6274100667907836, "kurtosis_min": -1.595954042281376, "kurtosis_skew": 0.07965559980159492, "kurtosis_std": 0.927876275810493, "n_categorical": 16, "n_classes": 2, "n_columns": 23, "n_numerical": 6, "n_rows": 8124, "pca_fraction_95": 0.16666666666666666, "ratio_rowcol": 353.2173913043478, "skew_kurtosis": -2.4650583167401026, "skew_max": 0.44869370984424534, "skew_mean": -0.41962695546836337, "skew_median": -0.37127603707571, "skew_min": -1.301345538177033, "skew_skew": -0.09598757087561159, "skew_std": 0.7155384448253316, "symbols_kurtosis": -0.954275145716974, "symbols_max": 7, "symbols_mean": 3, "symbols_min": 1, "symbols_skew": 0.29751287352752953, "symbols_std": 1.778341924377874, "symbols_sum": 59}