{"class_prob_max": 0.625, "class_prob_mean": 0.3333333333333333, "class_prob_median": 0.20153061224489796, "class_prob_min": 0.17346938775510204, "class_prob_std": 0.2529801205891483, "diversity_fraction": 0.836800364910743, "entropy_dependent": 0.9204425390753399, "kurtosis_kurtosis": -1.0110335164786748, "kurtosis_max": 0.6969469997428215, "kurtosis_mean": -0.49565359326996156, "kurtosis_median": -0.7782892556594696, "kurtosis_min": -1.3981986376833877, "kurtosis_skew": 0.722251583299016, "kurtosis_std": 0.7429164528898631, "n_categorical": 0, "n_classes": 3, "n_columns": 8, "n_numerical": 7, "n_rows": 392, "pca_fraction_95": 0.14285714285714285, "ratio_rowcol": 49.0, "skew_kurtosis": 1.2753136014748154, "skew_max": 1.0873262824048693, "skew_mean": 0.5137861398837995, "skew_median": 0.50810924029519, "skew_min": 0.019688299628885138, "skew_skew": 0.4202653951571041, "skew_std": 0.3061495947540387, "symbols_kurtosis": 0, "symbols_max": 0, "symbols_mean": 0, "symbols_min": 0, "symbols_skew": 0, "symbols_std": 0, "symbols_sum": 0}