{"class_prob_max": 0.5191342534504392, "class_prob_mean": 0.3333333333333333, "class_prob_median": 0.24121706398996237, "class_prob_min": 0.2396486825595985, "class_prob_std": 0.16091022774314295, "diversity_fraction": 0.9297036983696283, "entropy_dependent": 1.0257229411646422, "kurtosis_kurtosis": 2.8184493441017437, "kurtosis_max": -0.03425324055191403, "kurtosis_mean": -1.1027305117329602, "kurtosis_median": -1.090455474185251, "kurtosis_min": -1.6233408232636184, "kurtosis_skew": 1.2915478419168038, "kurtosis_std": 0.2929776336412084, "n_categorical": 0, "n_classes": 3, "n_columns": 61, "n_numerical": 60, "n_rows": 3188, "pca_fraction_95": 0.9166666666666666, "ratio_rowcol": 52.26229508196721, "skew_kurtosis": -0.25281793081983883, "skew_max": 1.0232320370685062, "skew_mean": 0.3359020778639593, "skew_median": 0.43527648211835324, "skew_min": -0.19140182063102973, "skew_skew": -0.1434323285290298, "skew_std": 0.2515319758640438, "symbols_kurtosis": 0, "symbols_max": 0, "symbols_mean": 0, "symbols_min": 0, "symbols_skew": 0, "symbols_std": 0, "symbols_sum": 0}