{"class_prob_max": 0.5, "class_prob_mean": 0.5, "class_prob_median": 0.5, "class_prob_min": 0.5, "class_prob_std": 0.0, "corr_with_dependent_abs_25p": null, "corr_with_dependent_abs_75p": null, "corr_with_dependent_abs_kurtosis": null, "corr_with_dependent_abs_max": null, "corr_with_dependent_abs_mean": null, "corr_with_dependent_abs_median": null, "corr_with_dependent_abs_min": null, "corr_with_dependent_abs_skew": null, "corr_with_dependent_abs_std": null, "dataset_hash": "8c6c8e399e8dca4b08eb8db3b7934343613579cdbf6dd27077063825d6852cfe", "diversity_fraction": 0.9999999999999999, "entropy_dependent": 0.6931471805599453, "kurtosis_kurtosis": 3.128974664864094, "kurtosis_max": 7.98022024890793, "kurtosis_mean": 1.019990349387943, "kurtosis_median": 0.05594726020398966, "kurtosis_min": -1.0541467675610299, "kurtosis_skew": 1.9421975644020515, "kurtosis_std": 2.4961384581897454, "metafeature_version": "1.0", "n_categorical": 0, "n_classes": 2, "n_columns": 21, "n_numerical": 20, "n_rows": 1600, "pca_fraction_95": 0.9, "ratio_rowcol": 76.19047619047619, "skew_kurtosis": 0.5838879289218561, "skew_max": 2.9652014688564328, "skew_mean": 1.1996325785209083, "skew_median": 1.027718565913676, "skew_min": 0.08336600730938575, "skew_skew": 0.9878876705698111, "skew_std": 0.7601787978503812, "symbols_kurtosis": 0, "symbols_max": 0, "symbols_mean": 0, "symbols_min": 0, "symbols_skew": 0, "symbols_std": 0, "symbols_sum": 0}