{"class_prob_max": 0.8018867924528302, "class_prob_mean": 0.5, "class_prob_median": 0.5, "class_prob_min": 0.19811320754716982, "class_prob_std": 0.4269323961881042, "diversity_fraction": 0.822528983974963, "entropy_dependent": 0.49777562247179563, "kurtosis_kurtosis": 4.452150103293064, "kurtosis_max": 5.319422971587894, "kurtosis_mean": 1.3373586765536025, "kurtosis_median": 0.8241556149720961, "kurtosis_min": -0.06466245405366244, "kurtosis_skew": 2.049814018854756, "kurtosis_std": 1.7321483030218767, "n_categorical": 0, "n_classes": 2, "n_columns": 8, "n_numerical": 7, "n_rows": 106, "pca_fraction_95": 0.42857142857142855, "ratio_rowcol": 13.25, "skew_kurtosis": -0.8072038717745542, "skew_max": 2.0405760464786686, "skew_mean": 0.23121482439885715, "skew_median": 0.20576966206912584, "skew_min": -1.2122210852887918, "skew_skew": 0.2460669144928303, "skew_std": 1.1148468812633117, "symbols_kurtosis": 0, "symbols_max": 0, "symbols_mean": 0, "symbols_min": 0, "symbols_skew": 0, "symbols_std": 0, "symbols_sum": 0}