{"class_prob_max": 0.6690647482014388, "class_prob_mean": 0.5, "class_prob_median": 0.5, "class_prob_min": 0.33093525179856115, "class_prob_std": 0.2390936598256671, "diversity_fraction": 0.9433591681964177, "entropy_dependent": 0.6348389899526258, "kurtosis_kurtosis": 3.489723256238121, "kurtosis_max": -2.002895992261423, "kurtosis_mean": -2.0038174069673342, "kurtosis_median": -2.0040175368839526, "kurtosis_min": -2.004119464469618, "kurtosis_skew": 1.8439560911705084, "kurtosis_std": 0.00037415813342606244, "n_categorical": 0, "n_classes": 2, "n_columns": 10, "n_numerical": 9, "n_rows": 973, "pca_fraction_95": 1.0, "ratio_rowcol": 97.3, "skew_kurtosis": 1.9241742422104107, "skew_max": 0.03500279272818988, "skew_mean": -0.003888381336176439, "skew_median": -0.006176049911943018, "skew_min": -0.0226468559811138, "skew_skew": 1.2844861168581183, "skew_std": 0.017045681387335875, "symbols_kurtosis": 0, "symbols_max": 0, "symbols_mean": 0, "symbols_min": 0, "symbols_skew": 0, "symbols_std": 0, "symbols_sum": 0}