{"class_prob_max": 0.3769322235434007, "class_prob_mean": 0.25, "class_prob_median": 0.2788347205707491, "class_prob_min": 0.06539833531510107, "class_prob_std": 0.14439255472989965, "corr_with_dependent_abs_25p": null, "corr_with_dependent_abs_75p": null, "corr_with_dependent_abs_kurtosis": null, "corr_with_dependent_abs_max": null, "corr_with_dependent_abs_mean": null, "corr_with_dependent_abs_median": null, "corr_with_dependent_abs_min": null, "corr_with_dependent_abs_skew": null, "corr_with_dependent_abs_std": null, "diversity_fraction": 0.8629901806585032, "entropy_dependent": 1.2389423950087133, "kurtosis_kurtosis": 13.796846194577988, "kurtosis_max": 21.231717234335747, "kurtosis_mean": 2.3591294603515336, "kurtosis_median": 1.414122980328052, "kurtosis_min": -0.7902615862988696, "kurtosis_skew": 3.3813279711745183, "kurtosis_std": 3.634263391515818, "n_categorical": 0, "n_classes": 4, "n_columns": 71, "n_numerical": 70, "n_rows": 841, "pca_fraction_95": 0.4714285714285714, "ratio_rowcol": 11.845070422535212, "skew_kurtosis": 4.294113289801807, "skew_max": 4.087186736805138, "skew_mean": 1.1147021119329905, "skew_median": 1.0322539044597872, "skew_min": -0.04070892060729227, "skew_skew": 1.5276358609837093, "skew_std": 0.6778125117860878, "symbols_kurtosis": null, "symbols_max": null, "symbols_mean": null, "symbols_min": null, "symbols_skew": null, "symbols_std": null, "symbols_sum": null}