{"class_prob_max": 0.6410256410256411, "class_prob_mean": 0.5, "class_prob_median": 0.5, "class_prob_min": 0.358974358974359, "class_prob_std": 0.19944037418082114, "diversity_fraction": 0.9604807038736252, "entropy_dependent": 0.652825793916348, "kurtosis_kurtosis": 4.881171285267635, "kurtosis_max": 4.438264794872246, "kurtosis_mean": 0.26227082532983237, "kurtosis_median": 0.0077854458748067845, "kurtosis_min": -3.0, "kurtosis_skew": 1.180411528818841, "kurtosis_std": 1.203169586978686, "n_categorical": 0, "n_classes": 2, "n_columns": 35, "n_numerical": 34, "n_rows": 351, "pca_fraction_95": 0.7058823529411765, "ratio_rowcol": 10.028571428571428, "skew_kurtosis": 1.146575409699647, "skew_max": 0.11264599740175678, "skew_mean": -0.5672832434047477, "skew_median": -0.44275520621239006, "skew_min": -2.5323916927734964, "skew_skew": -1.093590367972168, "skew_std": 0.6370919714416864, "symbols_kurtosis": 0, "symbols_max": 0, "symbols_mean": 0, "symbols_min": 0, "symbols_skew": 0, "symbols_std": 0, "symbols_sum": 0}