{"class_prob_max": 0.6410256410256411, "class_prob_mean": 0.5, "class_prob_median": 0.5, "class_prob_min": 0.358974358974359, "class_prob_std": 0.19944037418082114, "corr_with_dependent_abs_25p": null, "corr_with_dependent_abs_75p": null, "corr_with_dependent_abs_kurtosis": null, "corr_with_dependent_abs_max": null, "corr_with_dependent_abs_mean": null, "corr_with_dependent_abs_median": null, "corr_with_dependent_abs_min": null, "corr_with_dependent_abs_skew": null, "corr_with_dependent_abs_std": null, "diversity_fraction": 0.9604807038736252, "entropy_dependent": 0.652825793916348, "kurtosis_kurtosis": 4.881171285267629, "kurtosis_max": 4.438264794872246, "kurtosis_mean": 0.26227082532983237, "kurtosis_median": 0.0077854458748067845, "kurtosis_min": -3.0, "kurtosis_skew": 1.1804115288188406, "kurtosis_std": 1.2031695869786863, "n_categorical": 0, "n_classes": 2, "n_columns": 35, "n_numerical": 34, "n_rows": 351, "pca_fraction_95": 0.7058823529411765, "ratio_rowcol": 10.028571428571428, "skew_kurtosis": 1.146575409699647, "skew_max": 0.11264599740175678, "skew_mean": -0.5672832434047476, "skew_median": -0.44275520621239006, "skew_min": -2.5323916927734964, "skew_skew": -1.0935903679721681, "skew_std": 0.6370919714416864, "symbols_kurtosis": null, "symbols_max": null, "symbols_mean": null, "symbols_min": null, "symbols_skew": null, "symbols_std": null, "symbols_sum": null}