{"class_prob_max": 0.8611111111111112, "class_prob_mean": 0.5, "class_prob_median": 0.5, "class_prob_min": 0.1388888888888889, "class_prob_std": 0.510688230856951, "corr_with_dependent_abs_25p": null, "corr_with_dependent_abs_75p": null, "corr_with_dependent_abs_kurtosis": null, "corr_with_dependent_abs_max": null, "corr_with_dependent_abs_mean": null, "corr_with_dependent_abs_median": null, "corr_with_dependent_abs_min": null, "corr_with_dependent_abs_skew": null, "corr_with_dependent_abs_std": null, "dataset_hash": "f276448bef967a0f8c5a278849972fe7de17b33456d972c8cc5ad44ed62e2d6a", "diversity_fraction": 0.7481095738042605, "entropy_dependent": 0.40294135786694235, "kurtosis_kurtosis": 20.363296412002594, "kurtosis_max": 180.0, "kurtosis_mean": 13.687538802564003, "kurtosis_median": 2.0156281587389957, "kurtosis_min": -1.6123329844147054, "kurtosis_skew": 4.245691930386673, "kurtosis_std": 33.06693124816294, "metafeature_version": "1.0", "n_categorical": 0, "n_classes": 2, "n_columns": 33, "n_numerical": 32, "n_rows": 180, "pca_fraction_95": 0.0625, "ratio_rowcol": 5.454545454545454, "skew_kurtosis": 5.6785739063010645, "skew_max": 13.416407864998739, "skew_mean": 2.672127767394318, "skew_median": 1.8039219991361333, "skew_min": -0.07909091849617983, "skew_skew": 2.090067596203539, "skew_std": 2.788031490841284, "symbols_kurtosis": 0, "symbols_max": 0, "symbols_mean": 0, "symbols_min": 0, "symbols_skew": 0, "symbols_std": 0, "symbols_sum": 0}