{"class_prob_max": 0.5, "class_prob_mean": 0.5, "class_prob_median": 0.5, "class_prob_min": 0.5, "class_prob_std": 0.0, "diversity_fraction": 0.9999999999999999, "entropy_dependent": 0.6931471805599453, "kurtosis_kurtosis": 2.1347566954830297, "kurtosis_max": 11.469108762047716, "kurtosis_mean": 9.587345867784952, "kurtosis_median": 9.46029375550227, "kurtosis_min": 8.821395553031163, "kurtosis_skew": 1.3116568255894065, "kurtosis_std": 0.5271259503858565, "n_categorical": 0, "n_classes": 2, "n_columns": 101, "n_numerical": 100, "n_rows": 1212, "pca_fraction_95": 0.01, "ratio_rowcol": 12.0, "skew_kurtosis": 0.7735708777295209, "skew_max": 3.1683960782890703, "skew_mean": 3.004676288304381, "skew_median": 2.9976159790121466, "skew_min": 2.92102872697285, "skew_skew": 0.918017851451793, "skew_std": 0.05111878613931841, "symbols_kurtosis": 0, "symbols_max": 0, "symbols_mean": 0, "symbols_min": 0, "symbols_skew": 0, "symbols_std": 0, "symbols_sum": 0}