{"class_prob_max": 0.5191342534504392, "class_prob_mean": 0.3333333333333333, "class_prob_median": 0.24121706398996237, "class_prob_min": 0.2396486825595985, "class_prob_std": 0.16091022774314295, "corr_with_dependent_abs_25p": null, "corr_with_dependent_abs_75p": null, "corr_with_dependent_abs_kurtosis": null, "corr_with_dependent_abs_max": null, "corr_with_dependent_abs_mean": null, "corr_with_dependent_abs_median": null, "corr_with_dependent_abs_min": null, "corr_with_dependent_abs_skew": null, "corr_with_dependent_abs_std": null, "dataset_hash": "61a723e14b50c131edcdcb2bc1ce0b6734a1b1fb6303ac6159a90aff4bffd01c", "diversity_fraction": 0.9297036983696283, "entropy_dependent": 1.0257229411646422, "kurtosis_kurtosis": 2.8184493441017437, "kurtosis_max": -0.03425324055191403, "kurtosis_mean": -1.1027305117329602, "kurtosis_median": -1.090455474185251, "kurtosis_min": -1.6233408232636184, "kurtosis_skew": 1.2915478419168036, "kurtosis_std": 0.2929776336412084, "metafeature_version": "1.0", "n_categorical": 0, "n_classes": 3, "n_columns": 61, "n_numerical": 60, "n_rows": 3188, "pca_fraction_95": 0.9166666666666666, "ratio_rowcol": 52.26229508196721, "skew_kurtosis": -0.25281793081984016, "skew_max": 1.0232320370685062, "skew_mean": 0.33590207786395937, "skew_median": 0.43527648211835324, "skew_min": -0.19140182063102973, "skew_skew": -0.14343232852903054, "skew_std": 0.25153197586404386, "symbols_kurtosis": 0, "symbols_max": 0, "symbols_mean": 0, "symbols_min": 0, "symbols_skew": 0, "symbols_std": 0, "symbols_sum": 0}