{"class_prob_max": 0.6690647482014388, "class_prob_mean": 0.5, "class_prob_median": 0.5, "class_prob_min": 0.33093525179856115, "class_prob_std": 0.2390936598256671, "corr_with_dependent_abs_25p": null, "corr_with_dependent_abs_75p": null, "corr_with_dependent_abs_kurtosis": null, "corr_with_dependent_abs_max": null, "corr_with_dependent_abs_mean": null, "corr_with_dependent_abs_median": null, "corr_with_dependent_abs_min": null, "corr_with_dependent_abs_skew": null, "corr_with_dependent_abs_std": null, "dataset_hash": "2c2654f8f5accf6e77e8eb05d71d953a4b885a4ec496bbc87460737d6bbad247", "diversity_fraction": 0.9433591681964177, "entropy_dependent": 0.6348389899526258, "kurtosis_kurtosis": 3.4897232562381166, "kurtosis_max": -2.002895992261423, "kurtosis_mean": -2.0038174069673342, "kurtosis_median": -2.0040175368839526, "kurtosis_min": -2.004119464469618, "kurtosis_skew": 1.8439560911705077, "kurtosis_std": 0.0003741581334260625, "metafeature_version": "1.0", "n_categorical": 0, "n_classes": 2, "n_columns": 10, "n_numerical": 9, "n_rows": 973, "pca_fraction_95": 1.0, "ratio_rowcol": 97.3, "skew_kurtosis": 1.9241742422104107, "skew_max": 0.03500279272818988, "skew_mean": -0.003888381336176439, "skew_median": -0.006176049911943018, "skew_min": -0.0226468559811138, "skew_skew": 1.2844861168581179, "skew_std": 0.017045681387335875, "symbols_kurtosis": 0, "symbols_max": 0, "symbols_mean": 0, "symbols_min": 0, "symbols_skew": 0, "symbols_std": 0, "symbols_sum": 0}