{"class_prob_max": 0.6510416666666666, "class_prob_mean": 0.5, "class_prob_median": 0.5, "class_prob_min": 0.3489583333333333, "class_prob_std": 0.21360517348343622, "corr_with_dependent_abs_25p": null, "corr_with_dependent_abs_75p": null, "corr_with_dependent_abs_kurtosis": null, "corr_with_dependent_abs_max": null, "corr_with_dependent_abs_mean": null, "corr_with_dependent_abs_median": null, "corr_with_dependent_abs_min": null, "corr_with_dependent_abs_skew": null, "corr_with_dependent_abs_std": null, "diversity_fraction": 0.954709894639877, "entropy_dependent": 0.6467994206632901, "kurtosis_kurtosis": -1.7285925706028682, "kurtosis_max": 7.21425955434877, "kurtosis_mean": 2.7753623954423947, "kurtosis_median": 1.9668008946784385, "kurtosis_min": -0.5200718661530126, "kurtosis_skew": 0.3808057681673169, "kurtosis_std": 2.7502061008597867, "n_categorical": 0, "n_classes": 2, "n_columns": 9, "n_numerical": 8, "n_rows": 768, "pca_fraction_95": 0.25, "ratio_rowcol": 85.33333333333333, "skew_kurtosis": 0.15751618598134387, "skew_max": 2.2722508584315744, "skew_mean": 0.5292461289375232, "skew_median": 0.5377137404718741, "skew_min": -1.8436079833551302, "skew_skew": -0.4979755980377787, "skew_std": 1.2410904298246987, "symbols_kurtosis": null, "symbols_max": null, "symbols_mean": null, "symbols_min": null, "symbols_skew": null, "symbols_std": null, "symbols_sum": null}