{"class_prob_max": 0.398876404494382, "class_prob_mean": 0.3333333333333333, "class_prob_median": 0.33146067415730335, "class_prob_min": 0.2696629213483146, "class_prob_std": 0.06462709335856702, "corr_with_dependent_abs_25p": null, "corr_with_dependent_abs_75p": null, "corr_with_dependent_abs_kurtosis": null, "corr_with_dependent_abs_max": null, "corr_with_dependent_abs_mean": null, "corr_with_dependent_abs_median": null, "corr_with_dependent_abs_min": null, "corr_with_dependent_abs_skew": null, "corr_with_dependent_abs_std": null, "diversity_fraction": 0.9875048754767258, "entropy_dependent": 1.086038443640683, "kurtosis_kurtosis": 0.4988070844761663, "kurtosis_max": 2.104991323590557, "kurtosis_mean": 0.006742802303921922, "kurtosis_median": -0.24840310614613337, "kurtosis_min": -1.0864345274098701, "kurtosis_skew": 0.9040392849523222, "kurtosis_std": 0.8981368138096537, "n_categorical": 0, "n_classes": 3, "n_columns": 14, "n_numerical": 13, "n_rows": 178, "pca_fraction_95": 0.07692307692307693, "ratio_rowcol": 12.714285714285714, "skew_kurtosis": -1.290097215965416, "skew_max": 1.098191054755161, "skew_mean": 0.35016849842021147, "skew_median": 0.21304688642645583, "skew_min": -0.30728549895848095, "skew_skew": 0.3510351964465316, "skew_std": 0.4548204389440279, "symbols_kurtosis": null, "symbols_max": null, "symbols_mean": null, "symbols_min": null, "symbols_skew": null, "symbols_std": null, "symbols_sum": null}