{"class_prob_max": 0.2576832151300236, "class_prob_mean": 0.25, "class_prob_median": 0.2535460992907801, "class_prob_min": 0.23522458628841608, "class_prob_std": 0.010327298992971743, "diversity_fraction": 0.9993533403358842, "entropy_dependent": 1.385647492281233, "kurtosis_kurtosis": 9.417013120490168, "kurtosis_max": 58.37545547363183, "kurtosis_mean": 5.15314051651476, "kurtosis_median": -0.44165451580509263, "kurtosis_min": -0.9784712963069744, "kurtosis_skew": 3.0467792037660275, "kurtosis_std": 14.822384535391622, "n_categorical": 0, "n_classes": 4, "n_columns": 19, "n_numerical": 18, "n_rows": 846, "pca_fraction_95": 0.05555555555555555, "ratio_rowcol": 44.526315789473685, "skew_kurtosis": 7.938699338915111, "skew_max": 6.778393619108948, "skew_mean": 1.041577728362275, "skew_median": 0.4982427339460339, "skew_min": -0.22634128032982515, "skew_skew": 2.760601590039253, "skew_std": 1.6518521241768302, "symbols_kurtosis": 0, "symbols_max": 0, "symbols_mean": 0, "symbols_min": 0, "symbols_skew": 0, "symbols_std": 0, "symbols_sum": 0}