{"class_prob_max": 0.7272727272727273, "class_prob_mean": 0.5, "class_prob_median": 0.5, "class_prob_min": 0.2727272727272727, "class_prob_std": 0.32141217326661253, "diversity_fraction": 0.8983508708134446, "entropy_dependent": 0.5859526183035508, "kurtosis_kurtosis": 3.0939297465483264, "kurtosis_max": 9.286262910442973, "kurtosis_mean": 0.6554584196308282, "kurtosis_median": -0.9881152809242322, "kurtosis_min": -2.0470588235294116, "kurtosis_skew": 1.8714785770615199, "kurtosis_std": 3.7145828293892897, "n_categorical": 0, "n_classes": 2, "n_columns": 9, "n_numerical": 8, "n_rows": 88, "pca_fraction_95": 0.875, "ratio_rowcol": 9.777777777777779, "skew_kurtosis": 4.375879639814069, "skew_max": 2.105310706323023, "skew_mean": -0.06940872361977102, "skew_median": -0.09026526879553495, "skew_min": -1.1193002433433634, "skew_skew": 1.8191537087575995, "skew_std": 0.906373404509076, "symbols_kurtosis": 0, "symbols_max": 0, "symbols_mean": 0, "symbols_min": 0, "symbols_skew": 0, "symbols_std": 0, "symbols_sum": 0}