{"class_prob_max": 0.7272727272727273, "class_prob_mean": 0.5, "class_prob_median": 0.5, "class_prob_min": 0.2727272727272727, "class_prob_std": 0.32141217326661253, "corr_with_dependent_abs_25p": null, "corr_with_dependent_abs_75p": null, "corr_with_dependent_abs_kurtosis": null, "corr_with_dependent_abs_max": null, "corr_with_dependent_abs_mean": null, "corr_with_dependent_abs_median": null, "corr_with_dependent_abs_min": null, "corr_with_dependent_abs_skew": null, "corr_with_dependent_abs_std": null, "diversity_fraction": 0.8983508708134446, "entropy_dependent": 0.5859526183035508, "kurtosis_kurtosis": 3.0939297465483264, "kurtosis_max": 9.286262910442973, "kurtosis_mean": 0.6554584196308282, "kurtosis_median": -0.9881152809242322, "kurtosis_min": -2.0470588235294116, "kurtosis_skew": 1.87147857706152, "kurtosis_std": 3.7145828293892897, "n_categorical": 0, "n_classes": 2, "n_columns": 9, "n_numerical": 8, "n_rows": 88, "pca_fraction_95": 0.875, "ratio_rowcol": 9.777777777777779, "skew_kurtosis": 4.3758796398140705, "skew_max": 2.105310706323023, "skew_mean": -0.06940872361977102, "skew_median": -0.09026526879553495, "skew_min": -1.1193002433433634, "skew_skew": 1.8191537087576, "skew_std": 0.9063734045090759, "symbols_kurtosis": null, "symbols_max": null, "symbols_mean": null, "symbols_min": null, "symbols_skew": null, "symbols_std": null, "symbols_sum": null}