{"class_prob_max": 0.8586, "class_prob_mean": 0.5, "class_prob_median": 0.5, "class_prob_min": 0.1414, "class_prob_std": 0.507136983466992, "corr_with_dependent_abs_25p": null, "corr_with_dependent_abs_75p": null, "corr_with_dependent_abs_kurtosis": null, "corr_with_dependent_abs_max": null, "corr_with_dependent_abs_mean": null, "corr_with_dependent_abs_median": null, "corr_with_dependent_abs_min": null, "corr_with_dependent_abs_skew": null, "corr_with_dependent_abs_std": null, "dataset_hash": "0e0a4db362f7f23a18f9e9e9288d7b799c7a0a3cb5f5fc1f78f24e10c516a56c", "diversity_fraction": 0.7515252984032892, "entropy_dependent": 0.4074967740808543, "kurtosis_kurtosis": 5.3011583316300666, "kurtosis_max": 3.268183646948091, "kurtosis_mean": 0.2610242496214203, "kurtosis_median": 0.08237761539453592, "kurtosis_min": -1.2, "kurtosis_skew": 1.6883243175084928, "kurtosis_std": 0.9566782604914009, "metafeature_version": "1.0", "n_categorical": 3, "n_classes": 2, "n_columns": 21, "n_numerical": 17, "n_rows": 5000, "pca_fraction_95": 0.045454545454545456, "ratio_rowcol": 238.0952380952381, "skew_kurtosis": 1.853146114737342, "skew_max": 1.3606924794022652, "skew_mean": 0.1926424743999653, "skew_median": -0.010990328362308519, "skew_min": -0.21028611467847302, "skew_skew": 1.826996939588845, "skew_std": 0.4996261622429297, "symbols_kurtosis": -1.500000000000001, "symbols_max": 3, "symbols_mean": 2, "symbols_min": 2, "symbols_skew": 1.7320508075688745, "symbols_std": 0.5773502691896258, "symbols_sum": 7}