{"class_prob_max": 0.7934782608695652, "class_prob_mean": 0.5, "class_prob_median": 0.5, "class_prob_min": 0.20652173913043478, "class_prob_std": 0.4150409367834083, "corr_with_dependent_abs_25p": null, "corr_with_dependent_abs_75p": null, "corr_with_dependent_abs_kurtosis": null, "corr_with_dependent_abs_max": null, "corr_with_dependent_abs_mean": null, "corr_with_dependent_abs_median": null, "corr_with_dependent_abs_min": null, "corr_with_dependent_abs_skew": null, "corr_with_dependent_abs_std": null, "diversity_fraction": 0.8320726203082383, "entropy_dependent": 0.5093116226143128, "kurtosis_kurtosis": 0.7792714116838764, "kurtosis_max": 0.9403328592962064, "kurtosis_mean": -1.135202597238291, "kurtosis_median": -1.441574790793616, "kurtosis_min": -2.0429456087691795, "kurtosis_skew": 1.0909074284881282, "kurtosis_std": 0.9240145023139369, "n_categorical": 0, "n_classes": 2, "n_columns": 11, "n_numerical": 10, "n_rows": 92, "pca_fraction_95": 0.2, "ratio_rowcol": 8.363636363636363, "skew_kurtosis": 2.2352654078585505, "skew_max": 0.6783197338230266, "skew_mean": -0.14576674442551565, "skew_median": -0.1802708901906239, "skew_min": -1.0441255736416126, "skew_skew": -0.16180272341589505, "skew_std": 0.41905765238740705, "symbols_kurtosis": null, "symbols_max": null, "symbols_mean": null, "symbols_min": null, "symbols_skew": null, "symbols_std": null, "symbols_sum": null}