{"class_prob_max": 0.9403380166972104, "class_prob_mean": 0.5, "class_prob_median": 0.5, "class_prob_min": 0.059661983302789656, "class_prob_std": 0.6227319952416653, "corr_with_dependent_abs_25p": null, "corr_with_dependent_abs_75p": null, "corr_with_dependent_abs_kurtosis": null, "corr_with_dependent_abs_max": null, "corr_with_dependent_abs_mean": null, "corr_with_dependent_abs_median": null, "corr_with_dependent_abs_min": null, "corr_with_dependent_abs_skew": null, "corr_with_dependent_abs_std": null, "dataset_hash": "5a0e68f8e3b37db44eca2a68b9d875e3252d90733109dde6aa686bbc6a5bda5e", "diversity_fraction": 0.6268106750433088, "entropy_dependent": 0.2260364429346044, "kurtosis_kurtosis": 13.911087701311235, "kurtosis_max": 22.35284303134875, "kurtosis_mean": 1.7605323096275876, "kurtosis_median": 0.48469065270405665, "kurtosis_min": -1.3599262002031622, "kurtosis_skew": 3.506008384055624, "kurtosis_std": 4.389603699550817, "metafeature_version": "1.0", "n_categorical": 50, "n_classes": 2, "n_columns": 86, "n_numerical": 35, "n_rows": 9822, "pca_fraction_95": 0.06333333333333334, "ratio_rowcol": 114.20930232558139, "skew_kurtosis": 5.122307179112607, "skew_max": 4.720107306724398, "skew_mean": 0.6974819658948519, "skew_median": 0.6573405971174193, "skew_min": -0.7075246313507735, "skew_skew": 1.8606514074711202, "skew_std": 1.0514295458577443, "symbols_kurtosis": -0.8850842198581566, "symbols_max": 9, "symbols_mean": 5, "symbols_min": 2, "symbols_skew": 0.022050447787399563, "symbols_std": 2.099562636671296, "symbols_sum": 270}