{"class_prob_max": 0.6411483253588517, "class_prob_mean": 0.5, "class_prob_median": 0.5, "class_prob_min": 0.3588516746411483, "class_prob_std": 0.1996138760287383, "diversity_fraction": 0.9604123514377791, "entropy_dependent": 0.6527546265645937, "kurtosis_kurtosis": -0.27450146598444203, "kurtosis_max": 24.097344649877122, "kurtosis_mean": 6.325374626318755, "kurtosis_median": 0.6326812869641398, "kurtosis_min": -1.031059900694202, "kurtosis_skew": 1.2587481622089658, "kurtosis_std": 10.000419786960384, "n_categorical": 0, "n_classes": 2, "n_columns": 9, "n_numerical": 8, "n_rows": 209, "pca_fraction_95": 0.125, "ratio_rowcol": 23.22222222222222, "skew_kurtosis": -1.0104855492232712, "skew_max": 4.3924810254836055, "skew_mean": 1.5154427206885566, "skew_median": 0.8579938751289196, "skew_min": -0.28503996283006044, "skew_skew": 0.8220324553793721, "skew_std": 1.7492911967762133, "symbols_kurtosis": 0, "symbols_max": 0, "symbols_mean": 0, "symbols_min": 0, "symbols_skew": 0, "symbols_std": 0, "symbols_sum": 0}