{"class_prob_max": 0.2962962962962963, "class_prob_mean": 0.25, "class_prob_median": 0.24074074074074073, "class_prob_min": 0.2222222222222222, "class_prob_std": 0.03546026325023474, "diversity_fraction": 0.992606380295034, "entropy_dependent": 1.3788732731316424, "kurtosis_kurtosis": 0.5782268058440545, "kurtosis_max": 8.399550587553989, "kurtosis_mean": 1.8544467872723516, "kurtosis_median": 0.9333048077104693, "kurtosis_min": -2.038095238095238, "kurtosis_skew": 1.10133261988676, "kurtosis_std": 3.3659097134154305, "n_categorical": 0, "n_classes": 4, "n_columns": 8, "n_numerical": 7, "n_rows": 108, "pca_fraction_95": 0.14285714285714285, "ratio_rowcol": 13.5, "skew_kurtosis": -1.1101432475744446, "skew_max": 2.199116708663541, "skew_mean": 1.0461089733984619, "skew_median": 1.115785087676319, "skew_min": -0.04590245492898699, "skew_skew": -0.06082104906412023, "skew_std": 0.7976456088894422, "symbols_kurtosis": 0, "symbols_max": 0, "symbols_mean": 0, "symbols_min": 0, "symbols_skew": 0, "symbols_std": 0, "symbols_sum": 0}