{"class_prob_max": 0.8292682926829268, "class_prob_mean": 0.5, "class_prob_median": 0.5, "class_prob_min": 0.17073170731707318, "class_prob_std": 0.4656556851716288, "diversity_fraction": 0.7896996090640206, "entropy_dependent": 0.4570445330375596, "kurtosis_kurtosis": 0.8569090671398776, "kurtosis_max": 34.67552094642721, "kurtosis_mean": 7.1257546780192484, "kurtosis_median": -0.45501032751640524, "kurtosis_min": -1.850989278266767, "kurtosis_skew": 1.6017117393955418, "kurtosis_std": 13.534804048210303, "n_categorical": 1, "n_classes": 2, "n_columns": 11, "n_numerical": 9, "n_rows": 1066, "pca_fraction_95": 0.5, "ratio_rowcol": 96.9090909090909, "skew_kurtosis": -0.13162470499898316, "skew_max": 6.050658401578241, "skew_mean": 1.1109481980941425, "skew_median": 0.134861704036012, "skew_min": -2.274233868680088, "skew_skew": 1.0283309623555468, "skew_std": 2.7137166720661883, "symbols_kurtosis": -3.0, "symbols_max": 1, "symbols_mean": 1, "symbols_min": 1, "symbols_skew": 0.0, "symbols_std": 0.0, "symbols_sum": 1}