{"class_prob_max": 0.5, "class_prob_mean": 0.5, "class_prob_median": 0.5, "class_prob_min": 0.5, "class_prob_std": 0.0, "corr_with_dependent_abs_25p": null, "corr_with_dependent_abs_75p": null, "corr_with_dependent_abs_kurtosis": null, "corr_with_dependent_abs_max": null, "corr_with_dependent_abs_mean": null, "corr_with_dependent_abs_median": null, "corr_with_dependent_abs_min": null, "corr_with_dependent_abs_skew": null, "corr_with_dependent_abs_std": null, "diversity_fraction": 0.9999999999999999, "entropy_dependent": 0.6931471805599453, "kurtosis_kurtosis": 8.781949870151506, "kurtosis_max": -0.3890983013124094, "kurtosis_mean": -1.35955711346437, "kurtosis_median": -1.3749217220689596, "kurtosis_min": -1.6430297343771352, "kurtosis_skew": 2.076430253963841, "kurtosis_std": 0.19694874869758508, "n_categorical": 0, "n_classes": 2, "n_columns": 59, "n_numerical": 58, "n_rows": 106, "pca_fraction_95": 0.13793103448275862, "ratio_rowcol": 1.7966101694915255, "skew_kurtosis": 0.1432274220181502, "skew_max": 0.4853237716839933, "skew_mean": -0.03618536596980364, "skew_median": -0.0001504397447617456, "skew_min": -0.6388899945580823, "skew_skew": -0.4499938540676919, "skew_std": 0.24635785688625525, "symbols_kurtosis": null, "symbols_max": null, "symbols_mean": null, "symbols_min": null, "symbols_skew": null, "symbols_std": null, "symbols_sum": null}