{"class_prob_max": 0.9258333333333333, "class_prob_mean": 0.3333333333333333, "class_prob_median": 0.051111111111111114, "class_prob_min": 0.023055555555555555, "class_prob_std": 0.51331176301482, "corr_with_dependent_abs_25p": null, "corr_with_dependent_abs_75p": null, "corr_with_dependent_abs_kurtosis": null, "corr_with_dependent_abs_max": null, "corr_with_dependent_abs_mean": null, "corr_with_dependent_abs_median": null, "corr_with_dependent_abs_min": null, "corr_with_dependent_abs_skew": null, "corr_with_dependent_abs_std": null, "diversity_fraction": 0.45459025110352685, "entropy_dependent": 0.3102534758756272, "kurtosis_kurtosis": 5.435603075196896, "kurtosis_max": 261.9477142845846, "kurtosis_mean": 57.6072046020306, "kurtosis_median": 16.90781943712384, "kurtosis_min": -0.8762368326035417, "kurtosis_skew": 2.3096435940174187, "kurtosis_std": 92.62060763385695, "n_categorical": 15, "n_classes": 3, "n_columns": 22, "n_numerical": 6, "n_rows": 7200, "pca_fraction_95": 0.5714285714285714, "ratio_rowcol": 327.27272727272725, "skew_kurtosis": 4.95361379543276, "skew_max": 14.525564126070819, "skew_mean": 3.824934175007965, "skew_median": 1.9504937087205318, "skew_min": -0.21257234769231886, "skew_skew": 2.1657596463015927, "skew_std": 4.915345665373068, "symbols_kurtosis": -3.0, "symbols_max": 2, "symbols_mean": 2, "symbols_min": 2, "symbols_skew": 0.0, "symbols_std": 0.0, "symbols_sum": 30}