{"class_prob_max": 0.3333333333333333, "class_prob_mean": 0.3333333333333333, "class_prob_median": 0.3333333333333333, "class_prob_min": 0.3333333333333333, "class_prob_std": 0.0, "corr_with_dependent_abs_25p": null, "corr_with_dependent_abs_75p": null, "corr_with_dependent_abs_kurtosis": null, "corr_with_dependent_abs_max": null, "corr_with_dependent_abs_mean": null, "corr_with_dependent_abs_median": null, "corr_with_dependent_abs_min": null, "corr_with_dependent_abs_skew": null, "corr_with_dependent_abs_std": null, "dataset_hash": "1ccc37cd8e18c778ee0f78026baa2aa0d4d96a9b99df2a188339483926303601", "diversity_fraction": 0.9999999999999999, "entropy_dependent": 1.0986122886681096, "kurtosis_kurtosis": -1.4999999999999998, "kurtosis_max": 0.3752028474638971, "kurtosis_mean": -0.7687960663726917, "kurtosis_median": -1.3081367211131274, "kurtosis_min": -1.3734543254688445, "kurtosis_skew": 1.7235942623824136, "kurtosis_std": 0.8093687801837363, "metafeature_version": "1.0", "n_categorical": 0, "n_classes": 3, "n_columns": 4, "n_numerical": 3, "n_rows": 60, "pca_fraction_95": 0.3333333333333333, "ratio_rowcol": 15.0, "skew_kurtosis": -1.5000000000000007, "skew_max": 1.0680641879103883, "skew_mean": 0.35602139597012944, "skew_median": 0.0, "skew_min": 0.0, "skew_skew": 1.7320508075688763, "skew_std": 0.503490286675959, "symbols_kurtosis": 0, "symbols_max": 0, "symbols_mean": 0, "symbols_min": 0, "symbols_skew": 0, "symbols_std": 0, "symbols_sum": 0}