{"class_prob_max": 0.6572379367720466, "class_prob_mean": 0.5, "class_prob_median": 0.5, "class_prob_min": 0.3427620632279534, "class_prob_std": 0.22236802270259148, "corr_with_dependent_abs_25p": null, "corr_with_dependent_abs_75p": null, "corr_with_dependent_abs_kurtosis": null, "corr_with_dependent_abs_max": null, "corr_with_dependent_abs_mean": null, "corr_with_dependent_abs_median": null, "corr_with_dependent_abs_min": null, "corr_with_dependent_abs_skew": null, "corr_with_dependent_abs_std": null, "dataset_hash": "d3c1a4f918a3ed0b10d1fae4a01e2e6a57d6f95a368694832aa92dff61b59e64", "diversity_fraction": 0.9509473140198387, "entropy_dependent": 0.6428505619784741, "kurtosis_kurtosis": -1.7780726297999743, "kurtosis_max": -1.345939432204887, "kurtosis_mean": -1.6410824801816248, "kurtosis_median": -1.5052895542744933, "kurtosis_min": -2.0066777963272124, "kurtosis_skew": -0.7749695490818685, "kurtosis_std": 0.26404516080580154, "metafeature_version": "1.0", "n_categorical": 0, "n_classes": 2, "n_columns": 7, "n_numerical": 6, "n_rows": 601, "pca_fraction_95": 1.0, "ratio_rowcol": 85.85714285714286, "skew_kurtosis": 0.001826304164597392, "skew_max": 0.012151917455808212, "skew_mean": -0.0032605555178038138, "skew_median": -0.003158576542909717, "skew_min": -0.021513356232967445, "skew_skew": -0.3410388726563349, "skew_std": 0.010835069931051365, "symbols_kurtosis": 0, "symbols_max": 0, "symbols_mean": 0, "symbols_min": 0, "symbols_skew": 0, "symbols_std": 0, "symbols_sum": 0}