{"class_prob_max": 0.5977011494252874, "class_prob_mean": 0.5, "class_prob_median": 0.5, "class_prob_min": 0.40229885057471265, "class_prob_std": 0.13817029057668173, "diversity_fraction": 0.9809690074874158, "entropy_dependent": 0.673932767868794, "kurtosis_kurtosis": -1.5, "kurtosis_max": 9.120860777419228, "kurtosis_mean": 2.6028743368360563, "kurtosis_median": -0.3654873269423784, "kurtosis_min": -0.9467504399686799, "kurtosis_skew": 1.71146623955432, "kurtosis_std": 4.615017308119282, "n_categorical": 0, "n_classes": 2, "n_columns": 4, "n_numerical": 3, "n_rows": 87, "pca_fraction_95": 0.6666666666666666, "ratio_rowcol": 21.75, "skew_kurtosis": -1.5000000000000004, "skew_max": 3.043801833417387, "skew_mean": 1.2327888171003385, "skew_median": 0.7895651565941091, "skew_min": -0.13500053871048107, "skew_skew": 1.1301817068517939, "skew_std": 1.3350484486054794, "symbols_kurtosis": 0, "symbols_max": 0, "symbols_mean": 0, "symbols_min": 0, "symbols_skew": 0, "symbols_std": 0, "symbols_sum": 0}