{"class_prob_max": 0.5516981132075471, "class_prob_mean": 0.5, "class_prob_median": 0.5, "class_prob_min": 0.4483018867924528, "class_prob_std": 0.07311217284721283, "corr_with_dependent_abs_25p": null, "corr_with_dependent_abs_75p": null, "corr_with_dependent_abs_kurtosis": null, "corr_with_dependent_abs_max": null, "corr_with_dependent_abs_mean": null, "corr_with_dependent_abs_median": null, "corr_with_dependent_abs_min": null, "corr_with_dependent_abs_skew": null, "corr_with_dependent_abs_std": null, "diversity_fraction": 0.994659357034006, "entropy_dependent": 0.6877922253799458, "kurtosis_kurtosis": -2.0, "kurtosis_max": -0.6307220671475475, "kurtosis_mean": -0.844289643678921, "kurtosis_median": -0.844289643678921, "kurtosis_min": -1.0578572202102945, "kurtosis_skew": 0.0, "kurtosis_std": 0.21356757653137348, "n_categorical": 0, "n_classes": 2, "n_columns": 3, "n_numerical": 2, "n_rows": 5300, "pca_fraction_95": 1.0, "ratio_rowcol": 1766.6666666666667, "skew_kurtosis": -2.0, "skew_max": 0.16876473006302237, "skew_mean": 0.09728044517366315, "skew_median": 0.09728044517366315, "skew_min": 0.025796160284303937, "skew_skew": 2.9681000912977735e-16, "skew_std": 0.0714842848893592, "symbols_kurtosis": null, "symbols_max": null, "symbols_mean": null, "symbols_min": null, "symbols_skew": null, "symbols_std": null, "symbols_sum": null}