{"class_prob_max": 0.24060150375939848, "class_prob_mean": 0.2, "class_prob_median": 0.20802005012531327, "class_prob_min": 0.11027568922305764, "class_prob_std": 0.05297062296873018, "diversity_fraction": 0.9689524679426856, "entropy_dependent": 1.57789819144888, "kurtosis_kurtosis": 1.905328339620807, "kurtosis_max": 14.578773730246766, "kurtosis_mean": 2.271753652967426, "kurtosis_median": 0.6876078805611694, "kurtosis_min": -1.971028621213224, "kurtosis_skew": 1.7346096159990916, "kurtosis_std": 4.7518559892986705, "n_categorical": 0, "n_classes": 5, "n_columns": 33, "n_numerical": 32, "n_rows": 399, "pca_fraction_95": 0.1875, "ratio_rowcol": 12.090909090909092, "skew_kurtosis": 0.42230328277657003, "skew_max": 0.9237586288026052, "skew_mean": -1.2946714840820028, "skew_median": -1.190650990304642, "skew_min": -3.868185601607784, "skew_skew": -0.5016357121240824, "skew_std": 1.1470225274548307, "symbols_kurtosis": 0, "symbols_max": 0, "symbols_mean": 0, "symbols_min": 0, "symbols_skew": 0, "symbols_std": 0, "symbols_sum": 0}