{"class_prob_max": 0.24060150375939848, "class_prob_mean": 0.2, "class_prob_median": 0.20802005012531327, "class_prob_min": 0.11027568922305764, "class_prob_std": 0.05297062296873018, "corr_with_dependent_abs_25p": null, "corr_with_dependent_abs_75p": null, "corr_with_dependent_abs_kurtosis": null, "corr_with_dependent_abs_max": null, "corr_with_dependent_abs_mean": null, "corr_with_dependent_abs_median": null, "corr_with_dependent_abs_min": null, "corr_with_dependent_abs_skew": null, "corr_with_dependent_abs_std": null, "diversity_fraction": 0.9689524679426856, "entropy_dependent": 1.57789819144888, "kurtosis_kurtosis": 1.905328339620807, "kurtosis_max": 14.578773730246766, "kurtosis_mean": 2.271753652967426, "kurtosis_median": 0.6876078805611694, "kurtosis_min": -1.971028621213224, "kurtosis_skew": 1.734609615999092, "kurtosis_std": 4.7518559892986705, "n_categorical": 0, "n_classes": 5, "n_columns": 33, "n_numerical": 32, "n_rows": 399, "pca_fraction_95": 0.1875, "ratio_rowcol": 12.090909090909092, "skew_kurtosis": 0.4223032827765696, "skew_max": 0.9237586288026052, "skew_mean": -1.294671484082003, "skew_median": -1.190650990304642, "skew_min": -3.868185601607784, "skew_skew": -0.501635712124082, "skew_std": 1.1470225274548307, "symbols_kurtosis": null, "symbols_max": null, "symbols_mean": null, "symbols_min": null, "symbols_skew": null, "symbols_std": null, "symbols_sum": null}