{"class_prob_max": 0.43730886850152906, "class_prob_mean": 0.2, "class_prob_median": 0.15902140672782875, "class_prob_min": 0.06116207951070336, "class_prob_std": 0.14762440660560258, "diversity_fraction": 0.8148702611200485, "entropy_dependent": 1.4047115452111862, "kurtosis_kurtosis": 6.976001158640084, "kurtosis_max": 105.63587914600262, "kurtosis_mean": 14.468900437917863, "kurtosis_median": -0.8458607791617032, "kurtosis_min": -3.0, "kurtosis_skew": 2.6397809057536596, "kurtosis_std": 37.2387546920345, "n_categorical": 0, "n_classes": 5, "n_columns": 8, "n_numerical": 7, "n_rows": 327, "pca_fraction_95": 0.5714285714285714, "ratio_rowcol": 40.875, "skew_kurtosis": 6.86117416726815, "skew_max": 10.343588040120373, "skew_mean": 1.6827899729180857, "skew_median": 0.2861198005856225, "skew_min": -0.12922448905204476, "skew_skew": 2.6118825131711434, "skew_std": 3.546723060966036, "symbols_kurtosis": 0, "symbols_max": 0, "symbols_mean": 0, "symbols_min": 0, "symbols_skew": 0, "symbols_std": 0, "symbols_sum": 0}