{"class_prob_max": 0.5336538461538461, "class_prob_mean": 0.5, "class_prob_median": 0.5, "class_prob_min": 0.46634615384615385, "class_prob_std": 0.047593725656786844, "corr_with_dependent_abs_25p": null, "corr_with_dependent_abs_75p": null, "corr_with_dependent_abs_kurtosis": null, "corr_with_dependent_abs_max": null, "corr_with_dependent_abs_mean": null, "corr_with_dependent_abs_median": null, "corr_with_dependent_abs_min": null, "corr_with_dependent_abs_skew": null, "corr_with_dependent_abs_std": null, "diversity_fraction": 0.9977356912738824, "entropy_dependent": 0.6908803044104659, "kurtosis_kurtosis": 6.361492315971269, "kurtosis_max": 20.736120722569787, "kurtosis_mean": 2.276776693718175, "kurtosis_median": 0.8485342782176553, "kurtosis_min": -1.2101041422784315, "kurtosis_skew": 2.3565023543688315, "kurtosis_std": 4.262387208331567, "n_categorical": 0, "n_classes": 2, "n_columns": 61, "n_numerical": 60, "n_rows": 208, "pca_fraction_95": 0.2833333333333333, "ratio_rowcol": 3.4098360655737703, "skew_kurtosis": -0.18950987491828597, "skew_max": 3.4016974370591413, "skew_mean": 0.9672196487827535, "skew_median": 0.9400686379052965, "skew_min": -0.788908697170394, "skew_skew": 0.08885075788900268, "skew_std": 0.9452395014028108, "symbols_kurtosis": null, "symbols_max": null, "symbols_mean": null, "symbols_min": null, "symbols_skew": null, "symbols_std": null, "symbols_sum": null}