{"class_prob_max": 0.5336538461538461, "class_prob_mean": 0.5, "class_prob_median": 0.5, "class_prob_min": 0.46634615384615385, "class_prob_std": 0.047593725656786844, "diversity_fraction": 0.9977356912738824, "entropy_dependent": 0.6908803044104659, "kurtosis_kurtosis": 6.361492315971269, "kurtosis_max": 20.736120722569787, "kurtosis_mean": 2.276776693718176, "kurtosis_median": 0.8485342782176553, "kurtosis_min": -1.2101041422784315, "kurtosis_skew": 2.3565023543688324, "kurtosis_std": 4.262387208331566, "n_categorical": 0, "n_classes": 2, "n_columns": 61, "n_numerical": 60, "n_rows": 208, "pca_fraction_95": 0.2833333333333333, "ratio_rowcol": 3.4098360655737703, "skew_kurtosis": -0.1895098749182833, "skew_max": 3.4016974370591413, "skew_mean": 0.9672196487827535, "skew_median": 0.9400686379052965, "skew_min": -0.788908697170394, "skew_skew": 0.08885075788900292, "skew_std": 0.9452395014028107, "symbols_kurtosis": 0, "symbols_max": 0, "symbols_mean": 0, "symbols_min": 0, "symbols_skew": 0, "symbols_std": 0, "symbols_sum": 0}