{"class_prob_max": 0.6304347826086957, "class_prob_mean": 0.5, "class_prob_median": 0.5, "class_prob_min": 0.3695652173913043, "class_prob_std": 0.18446263857040374, "corr_with_dependent_abs_25p": null, "corr_with_dependent_abs_75p": null, "corr_with_dependent_abs_kurtosis": null, "corr_with_dependent_abs_max": null, "corr_with_dependent_abs_mean": null, "corr_with_dependent_abs_median": null, "corr_with_dependent_abs_min": null, "corr_with_dependent_abs_skew": null, "corr_with_dependent_abs_std": null, "diversity_fraction": 0.9661624376009844, "entropy_dependent": 0.6587238765203249, "kurtosis_kurtosis": 9.964932632978947, "kurtosis_max": 8.354552176136565, "kurtosis_mean": -0.15721169770016744, "kurtosis_median": -0.8476270672245345, "kurtosis_min": -1.6135660227588822, "kurtosis_skew": 3.1558167281680896, "kurtosis_std": 2.243386383304443, "n_categorical": 0, "n_classes": 2, "n_columns": 23, "n_numerical": 22, "n_rows": 368, "pca_fraction_95": 0.2727272727272727, "ratio_rowcol": 16.0, "skew_kurtosis": 4.121720903322178, "skew_max": 3.2107905485485153, "skew_mean": -0.0005476894574623081, "skew_median": -0.008335329752330756, "skew_min": -2.4716932934253704, "skew_skew": 0.7668359449132651, "skew_std": 1.0302812155787224, "symbols_kurtosis": null, "symbols_max": null, "symbols_mean": null, "symbols_min": null, "symbols_skew": null, "symbols_std": null, "symbols_sum": null}