{"class_prob_max": 0.6304347826086957, "class_prob_mean": 0.5, "class_prob_median": 0.5, "class_prob_min": 0.3695652173913043, "class_prob_std": 0.18446263857040374, "diversity_fraction": 0.9661624376009844, "entropy_dependent": 0.6587238765203249, "kurtosis_kurtosis": 9.964932632978943, "kurtosis_max": 8.354552176136565, "kurtosis_mean": -0.15721169770016744, "kurtosis_median": -0.8476270672245345, "kurtosis_min": -1.6135660227588822, "kurtosis_skew": 3.155816728168088, "kurtosis_std": 2.2433863833044434, "n_categorical": 0, "n_classes": 2, "n_columns": 23, "n_numerical": 22, "n_rows": 368, "pca_fraction_95": 0.2727272727272727, "ratio_rowcol": 16.0, "skew_kurtosis": 4.121720903322175, "skew_max": 3.2107905485485153, "skew_mean": -0.0005476894574623283, "skew_median": -0.008335329752330756, "skew_min": -2.4716932934253704, "skew_skew": 0.7668359449132647, "skew_std": 1.0302812155787227, "symbols_kurtosis": 0, "symbols_max": 0, "symbols_mean": 0, "symbols_min": 0, "symbols_skew": 0, "symbols_std": 0, "symbols_sum": 0}