{"class_prob_max": 0.5, "class_prob_mean": 0.5, "class_prob_median": 0.5, "class_prob_min": 0.5, "class_prob_std": 0.0, "diversity_fraction": 0.9999999999999999, "entropy_dependent": 0.6931471805599453, "kurtosis_kurtosis": 4.475291400457408, "kurtosis_max": 25.879747228291745, "kurtosis_mean": 6.841704831276426, "kurtosis_median": 4.005457445970826, "kurtosis_min": -1.2, "kurtosis_skew": 2.0219379084562847, "kurtosis_std": 8.868813423217448, "n_categorical": 0, "n_classes": 2, "n_columns": 7, "n_numerical": 6, "n_rows": 50, "pca_fraction_95": 0.6666666666666666, "ratio_rowcol": 7.142857142857143, "skew_kurtosis": 1.3937724511230103, "skew_max": 4.653761437921603, "skew_mean": 0.05828547947545626, "skew_median": -0.7340353913725337, "skew_min": -2.3049941013309003, "skew_skew": 1.3034476387093545, "skew_std": 2.36893166890967, "symbols_kurtosis": 0, "symbols_max": 0, "symbols_mean": 0, "symbols_min": 0, "symbols_skew": 0, "symbols_std": 0, "symbols_sum": 0}