{"class_prob_max": 0.5, "class_prob_mean": 0.5, "class_prob_median": 0.5, "class_prob_min": 0.5, "class_prob_std": 0.0, "corr_with_dependent_abs_25p": null, "corr_with_dependent_abs_75p": null, "corr_with_dependent_abs_kurtosis": null, "corr_with_dependent_abs_max": null, "corr_with_dependent_abs_mean": null, "corr_with_dependent_abs_median": null, "corr_with_dependent_abs_min": null, "corr_with_dependent_abs_skew": null, "corr_with_dependent_abs_std": null, "dataset_hash": "1ee38754991730d9d6ec0a541d9d059edf22feba3e322a78fdc3a1544e2667ec", "diversity_fraction": 0.9999999999999999, "entropy_dependent": 0.6931471805599453, "kurtosis_kurtosis": 17.331885171017262, "kurtosis_max": 40.86799838561809, "kurtosis_mean": 2.875973807172836, "kurtosis_median": 0.03067548616245208, "kurtosis_min": -0.9601757007422402, "kurtosis_skew": 4.07003141464229, "kurtosis_std": 8.984281541056905, "metafeature_version": "1.0", "n_categorical": 0, "n_classes": 2, "n_columns": 21, "n_numerical": 20, "n_rows": 1600, "pca_fraction_95": 0.85, "ratio_rowcol": 76.19047619047619, "skew_kurtosis": 8.901582916284195, "skew_max": 6.543463525624583, "skew_mean": 1.4301212082877695, "skew_median": 1.021849516750044, "skew_min": 0.12472042642161385, "skew_skew": 2.685291350824743, "skew_std": 1.3838965329954351, "symbols_kurtosis": 0, "symbols_max": 0, "symbols_mean": 0, "symbols_min": 0, "symbols_skew": 0, "symbols_std": 0, "symbols_sum": 0}