{"class_prob_max": 0.8976795176320117, "class_prob_mean": 0.2, "class_prob_median": 0.02101224191485474, "class_prob_min": 0.0051160241183994155, "class_prob_std": 0.3905663654597584, "corr_with_dependent_abs_25p": null, "corr_with_dependent_abs_75p": null, "corr_with_dependent_abs_kurtosis": null, "corr_with_dependent_abs_max": null, "corr_with_dependent_abs_mean": null, "corr_with_dependent_abs_median": null, "corr_with_dependent_abs_min": null, "corr_with_dependent_abs_skew": null, "corr_with_dependent_abs_std": null, "dataset_hash": "9592cedef9f9a17aa731675fe153593566bde7f439c95f2e3e18bdb7a315aa38", "diversity_fraction": 0.3106872044719602, "entropy_dependent": 0.44046926609967585, "kurtosis_kurtosis": 9.372706342197459, "kurtosis_max": 4816.887814668208, "kurtosis_mean": 652.8296690123776, "kurtosis_median": 123.98823394304995, "kurtosis_min": 0.6919281142973563, "kurtosis_skew": 3.032297639134873, "kurtosis_std": 1404.146248218014, "metafeature_version": "1.0", "n_categorical": 0, "n_classes": 5, "n_columns": 11, "n_numerical": 10, "n_rows": 5473, "pca_fraction_95": 0.2, "ratio_rowcol": 497.54545454545456, "skew_kurtosis": 6.555264865359256, "skew_max": 67.42540616199001, "skew_mean": 14.711451967520436, "skew_median": 8.931144052030962, "skew_min": -0.8347174977898828, "skew_skew": 2.4176881718062484, "skew_std": 18.890428594735848, "symbols_kurtosis": 0, "symbols_max": 0, "symbols_mean": 0, "symbols_min": 0, "symbols_skew": 0, "symbols_std": 0, "symbols_sum": 0}