{"class_prob_max": 0.1362962962962963, "class_prob_mean": 0.05555555555555558, "class_prob_median": 0.02962962962962963, "class_prob_min": 0.02074074074074074, "class_prob_std": 0.04488740767057966, "corr_with_dependent_abs_25p": null, "corr_with_dependent_abs_75p": null, "corr_with_dependent_abs_kurtosis": null, "corr_with_dependent_abs_max": null, "corr_with_dependent_abs_mean": null, "corr_with_dependent_abs_median": null, "corr_with_dependent_abs_min": null, "corr_with_dependent_abs_skew": null, "corr_with_dependent_abs_std": null, "dataset_hash": "4de9862e336d5a98d1fd5a3ab3e99b8f08364a79fc552434e5d88f450dc97b54", "diversity_fraction": 0.7673753661597744, "entropy_dependent": 2.6255925558204267, "kurtosis_kurtosis": 6.183969702053247, "kurtosis_max": 15.074119579240254, "kurtosis_mean": 1.2701134354395773, "kurtosis_median": -0.01689695254413426, "kurtosis_min": -1.544041854552641, "kurtosis_skew": 2.387065594200584, "kurtosis_std": 3.5665613910152643, "metafeature_version": "1.0", "n_categorical": 0, "n_classes": 18, "n_columns": 36, "n_numerical": 35, "n_rows": 675, "pca_fraction_95": 0.45714285714285713, "ratio_rowcol": 18.75, "skew_kurtosis": 1.8996083640921553, "skew_max": 2.4333721833009467, "skew_mean": -0.4056975434150873, "skew_median": -0.3972651300657292, "skew_min": -2.9233011326641645, "skew_skew": 0.04399394738186266, "skew_std": 0.9845398025871114, "symbols_kurtosis": 0, "symbols_max": 0, "symbols_mean": 0, "symbols_min": 0, "symbols_skew": 0, "symbols_std": 0, "symbols_sum": 0}