{"class_prob_max": 0.4270196877121521, "class_prob_mean": 0.3333333333333333, "class_prob_median": 0.3469110658520027, "class_prob_min": 0.22606924643584522, "class_prob_std": 0.10116094146234016, "corr_with_dependent_abs_25p": null, "corr_with_dependent_abs_75p": null, "corr_with_dependent_abs_kurtosis": null, "corr_with_dependent_abs_max": null, "corr_with_dependent_abs_mean": null, "corr_with_dependent_abs_median": null, "corr_with_dependent_abs_min": null, "corr_with_dependent_abs_skew": null, "corr_with_dependent_abs_std": null, "dataset_hash": "6ef8181c6238b4a96bc290ac8fa9851672094407f42e9e6a11934413a5e8de54", "diversity_fraction": 0.9686665862825659, "entropy_dependent": 1.066777482163813, "kurtosis_kurtosis": 5.718775632154106, "kurtosis_max": 8.627000003255937, "kurtosis_mean": 0.9309260312892081, "kurtosis_median": -0.423654093671642, "kurtosis_min": -1.324987432422694, "kurtosis_skew": 2.2850877593866565, "kurtosis_std": 2.9272269882689685, "metafeature_version": "1.0", "n_categorical": 0, "n_classes": 3, "n_columns": 10, "n_numerical": 9, "n_rows": 1473, "pca_fraction_95": 0.2222222222222222, "ratio_rowcol": 147.3, "skew_kurtosis": 2.1554805463682065, "skew_max": 3.258111159461171, "skew_mean": -0.1355821133886064, "skew_median": -0.510365617819561, "skew_min": -1.9695003000354032, "skew_skew": 1.3495888571084351, "skew_std": 1.4721000346013429, "symbols_kurtosis": 0, "symbols_max": 0, "symbols_mean": 0, "symbols_min": 0, "symbols_skew": 0, "symbols_std": 0, "symbols_sum": 0}