{"class_prob_max": 0.3392, "class_prob_mean": 0.3333333333333333, "class_prob_median": 0.3314, "class_prob_min": 0.3294, "class_prob_std": 0.005178159261101699, "corr_with_dependent_abs_25p": null, "corr_with_dependent_abs_75p": null, "corr_with_dependent_abs_kurtosis": null, "corr_with_dependent_abs_max": null, "corr_with_dependent_abs_mean": null, "corr_with_dependent_abs_median": null, "corr_with_dependent_abs_min": null, "corr_with_dependent_abs_skew": null, "corr_with_dependent_abs_std": null, "dataset_hash": "5f4d870fae01382ce6412a8f645f88a07121cd0b4029f6f92457e4444f1ace5c", "diversity_fraction": 0.9999197607652426, "entropy_dependent": 1.0985320462140127, "kurtosis_kurtosis": -0.858215674408839, "kurtosis_max": 0.11161952693300758, "kurtosis_mean": -0.35125168580178545, "kurtosis_median": -0.4510269844306669, "kurtosis_min": -0.6715954138739635, "kurtosis_skew": 0.6789658132975075, "kurtosis_std": 0.24073164574722536, "metafeature_version": "1.0", "n_categorical": 0, "n_classes": 3, "n_columns": 22, "n_numerical": 21, "n_rows": 5000, "pca_fraction_95": 0.9047619047619048, "ratio_rowcol": 227.27272727272728, "skew_kurtosis": -0.41002376384604133, "skew_max": 0.29985115508997734, "skew_mean": 0.07515405805282455, "skew_median": 0.0841342948084931, "skew_min": -0.2436453752708659, "skew_skew": -0.5139243567542248, "skew_std": 0.153770013452696, "symbols_kurtosis": 0, "symbols_max": 0, "symbols_mean": 0, "symbols_min": 0, "symbols_skew": 0, "symbols_std": 0, "symbols_sum": 0}