{"class_prob_max": 0.6137931034482759, "class_prob_mean": 0.5, "class_prob_median": 0.5, "class_prob_min": 0.38620689655172413, "class_prob_std": 0.16092775020107633, "diversity_fraction": 0.9742122631446503, "entropy_dependent": 0.667021110783824, "kurtosis_kurtosis": 13.422451995037466, "kurtosis_max": -0.41755164833257563, "kurtosis_mean": -1.7763899828957808, "kurtosis_median": -1.8780607223613615, "kurtosis_min": -1.9923696380402929, "kurtosis_skew": 3.562635457539826, "kurtosis_std": 0.363529333401775, "n_categorical": 0, "n_classes": 2, "n_columns": 17, "n_numerical": 16, "n_rows": 435, "pca_fraction_95": 0.8125, "ratio_rowcol": 25.58823529411765, "skew_kurtosis": 0.7428473057760829, "skew_max": 0.5444015380337498, "skew_mean": -0.083420389159443, "skew_median": -0.0184499983765371, "skew_min": -1.0141482483457398, "skew_skew": -0.6904813328956824, "skew_std": 0.37961477629096535, "symbols_kurtosis": 0, "symbols_max": 0, "symbols_mean": 0, "symbols_min": 0, "symbols_skew": 0, "symbols_std": 0, "symbols_sum": 0}