{"class_prob_max": 0.3333333333333333, "class_prob_mean": 0.3333333333333333, "class_prob_median": 0.3333333333333333, "class_prob_min": 0.3333333333333333, "class_prob_std": 0.0, "corr_with_dependent_abs_25p": null, "corr_with_dependent_abs_75p": null, "corr_with_dependent_abs_kurtosis": null, "corr_with_dependent_abs_max": null, "corr_with_dependent_abs_mean": null, "corr_with_dependent_abs_median": null, "corr_with_dependent_abs_min": null, "corr_with_dependent_abs_skew": null, "corr_with_dependent_abs_std": null, "diversity_fraction": 0.9999999999999999, "entropy_dependent": 1.0986122886681096, "kurtosis_kurtosis": -1.1515850633224254, "kurtosis_max": 0.29078106236542745, "kurtosis_mean": -0.7507394876837394, "kurtosis_median": -0.9459091062274914, "kurtosis_min": -1.4019208006454025, "kurtosis_skew": 0.872532868289357, "kurtosis_std": 0.6883335653665785, "n_categorical": 0, "n_classes": 3, "n_columns": 5, "n_numerical": 4, "n_rows": 150, "pca_fraction_95": 0.5, "ratio_rowcol": 30.0, "skew_kurtosis": -4.498177467519467, "skew_max": 0.3340526621720866, "skew_mean": 0.06737570104778688, "skew_median": 0.10495719724642269, "skew_min": -0.2744642524737844, "skew_skew": -0.2570902659742695, "skew_std": 0.2640819263484475, "symbols_kurtosis": null, "symbols_max": null, "symbols_mean": null, "symbols_min": null, "symbols_skew": null, "symbols_std": null, "symbols_sum": null}