{"class_prob_max": 0.3333333333333333, "class_prob_mean": 0.3333333333333333, "class_prob_median": 0.3333333333333333, "class_prob_min": 0.3333333333333333, "class_prob_std": 0.0, "diversity_fraction": 0.9999999999999999, "entropy_dependent": 1.0986122886681096, "kurtosis_kurtosis": -1.1515850633224254, "kurtosis_max": 0.29078106236542745, "kurtosis_mean": -0.7507394876837394, "kurtosis_median": -0.9459091062274914, "kurtosis_min": -1.4019208006454025, "kurtosis_skew": 0.872532868289357, "kurtosis_std": 0.6883335653665785, "n_categorical": 0, "n_classes": 3, "n_columns": 5, "n_numerical": 4, "n_rows": 150, "pca_fraction_95": 0.5, "ratio_rowcol": 30.0, "skew_kurtosis": -4.498177467519469, "skew_max": 0.3340526621720866, "skew_mean": 0.0673757010477869, "skew_median": 0.10495719724642269, "skew_min": -0.2744642524737844, "skew_skew": -0.25709026597426954, "skew_std": 0.2640819263484475, "symbols_kurtosis": 0, "symbols_max": 0, "symbols_mean": 0, "symbols_min": 0, "symbols_skew": 0, "symbols_std": 0, "symbols_sum": 0}