{"class_prob_max": 0.425891181988743, "class_prob_mean": 0.16666666666666666, "class_prob_median": 0.07879924953095685, "class_prob_min": 0.006253908692933083, "class_prob_std": 0.19527933791409863, "corr_with_dependent_abs_25p": null, "corr_with_dependent_abs_75p": null, "corr_with_dependent_abs_kurtosis": null, "corr_with_dependent_abs_max": null, "corr_with_dependent_abs_mean": null, "corr_with_dependent_abs_median": null, "corr_with_dependent_abs_min": null, "corr_with_dependent_abs_skew": null, "corr_with_dependent_abs_std": null, "dataset_hash": "7b9869355ecf285bb3ae3e89616ce4e4104eb1caadd5935d14652b946b2513ed", "diversity_fraction": 0.544913499304808, "entropy_dependent": 1.1846312554403946, "kurtosis_kurtosis": 2.701394683630715, "kurtosis_max": 41.71578724757661, "kurtosis_mean": 8.308796268227399, "kurtosis_median": 1.2255422501791413, "kurtosis_min": -0.788997515363397, "kurtosis_skew": 1.8931015939191445, "kurtosis_std": 13.350929004631187, "metafeature_version": "1.0", "n_categorical": 0, "n_classes": 6, "n_columns": 12, "n_numerical": 11, "n_rows": 1599, "pca_fraction_95": 0.18181818181818182, "ratio_rowcol": 133.25, "skew_kurtosis": 1.2820075989407034, "skew_max": 5.6803465719717225, "skew_mean": 1.6831140163056626, "skew_median": 0.9827514413284585, "skew_min": 0.07128766294927481, "skew_skew": 1.4872921012415392, "skew_std": 1.7524862387844267, "symbols_kurtosis": 0, "symbols_max": 0, "symbols_mean": 0, "symbols_min": 0, "symbols_skew": 0, "symbols_std": 0, "symbols_sum": 0}