{"class_prob_max": 0.37073170731707317, "class_prob_mean": 0.2, "class_prob_median": 0.14146341463414633, "class_prob_min": 0.06341463414634146, "class_prob_std": 0.1457304316711186, "corr_with_dependent_abs_25p": null, "corr_with_dependent_abs_75p": null, "corr_with_dependent_abs_kurtosis": null, "corr_with_dependent_abs_max": null, "corr_with_dependent_abs_mean": null, "corr_with_dependent_abs_median": null, "corr_with_dependent_abs_min": null, "corr_with_dependent_abs_skew": null, "corr_with_dependent_abs_std": null, "diversity_fraction": 0.8052297154644412, "entropy_dependent": 1.3928102309882633, "kurtosis_kurtosis": 7.872192750583629, "kurtosis_max": 54.353735291173194, "kurtosis_mean": 9.660947803594228, "kurtosis_median": 2.7320784511811285, "kurtosis_min": -0.17529132214701626, "kurtosis_skew": 2.760118617850393, "kurtosis_std": 16.16274003378177, "n_categorical": 0, "n_classes": 5, "n_columns": 10, "n_numerical": 9, "n_rows": 205, "pca_fraction_95": 0.4444444444444444, "ratio_rowcol": 20.5, "skew_kurtosis": 1.4740011148022436, "skew_max": 6.5877249935962015, "skew_mean": 1.57963580344864, "skew_median": 1.6890257496403824, "skew_min": -1.2583657711950158, "skew_skew": 0.9873411169455115, "skew_std": 2.2699905410246264, "symbols_kurtosis": null, "symbols_max": null, "symbols_mean": null, "symbols_min": null, "symbols_skew": null, "symbols_std": null, "symbols_sum": null}