{"class_prob_max": 0.5337423312883436, "class_prob_mean": 0.5, "class_prob_median": 0.5, "class_prob_min": 0.4662576687116564, "class_prob_std": 0.04771886253406153, "diversity_fraction": 0.9977237731650571, "entropy_dependent": 0.6908683591827749, "kurtosis_kurtosis": 8.843244008899305, "kurtosis_max": 144.20290422760766, "kurtosis_mean": 19.547578460303498, "kurtosis_median": 3.2864113141219233, "kurtosis_min": -0.10454658865275457, "kurtosis_skew": 2.965146855071143, "kurtosis_std": 44.207161198300945, "n_categorical": 0, "n_classes": 2, "n_columns": 10, "n_numerical": 9, "n_rows": 163, "pca_fraction_95": 0.4444444444444444, "ratio_rowcol": 16.3, "skew_kurtosis": 4.913337633575975, "skew_max": 11.765571656069783, "skew_mean": 1.3357269187234146, "skew_median": -0.3794193082557897, "skew_min": -3.010599993000517, "skew_skew": 2.0364432752055057, "skew_std": 4.068950030519267, "symbols_kurtosis": 0, "symbols_max": 0, "symbols_mean": 0, "symbols_min": 0, "symbols_skew": 0, "symbols_std": 0, "symbols_sum": 0}