{"class_prob_max": 0.33707865168539325, "class_prob_mean": 0.20000000000000004, "class_prob_median": 0.20224719101123595, "class_prob_min": 0.08426966292134831, "class_prob_std": 0.09372093245456972, "diversity_fraction": 0.91427341622156, "entropy_dependent": 1.5198123026462789, "kurtosis_kurtosis": 7.028385373978043, "kurtosis_max": 178.00000000000003, "kurtosis_mean": 21.043678374583326, "kurtosis_median": 3.7479219597508955, "kurtosis_min": -2.022337613144431, "kurtosis_skew": 2.6735572220604285, "kurtosis_std": 42.589007623544404, "n_categorical": 0, "n_classes": 5, "n_columns": 44, "n_numerical": 43, "n_rows": 178, "pca_fraction_95": 0.2558139534883721, "ratio_rowcol": 4.045454545454546, "skew_kurtosis": 2.161555873449302, "skew_max": 13.34166406412634, "skew_mean": 3.224045205619693, "skew_median": 2.357229511771027, "skew_min": -1.4521346467503329, "skew_skew": 1.5503960464478743, "skew_std": 3.394726784818813, "symbols_kurtosis": 0, "symbols_max": 0, "symbols_mean": 0, "symbols_min": 0, "symbols_skew": 0, "symbols_std": 0, "symbols_sum": 0}