{"class_prob_max": 0.1, "class_prob_mean": 0.09999999999999999, "class_prob_median": 0.1, "class_prob_min": 0.1, "class_prob_std": 1.4628472785736255e-17, "diversity_fraction": 0.9999999999999997, "entropy_dependent": 2.3025850929940455, "kurtosis_kurtosis": 2.2014923525313987, "kurtosis_max": 0.580942601366929, "kurtosis_mean": -0.04565484575249542, "kurtosis_median": -0.01734588578789653, "kurtosis_min": -0.9447092659152543, "kurtosis_skew": -0.465988378532978, "kurtosis_std": 0.2523321159001554, "n_categorical": 0, "n_classes": 10, "n_columns": 65, "n_numerical": 64, "n_rows": 2000, "pca_fraction_95": 0.5625, "ratio_rowcol": 30.76923076923077, "skew_kurtosis": 0.4008639380361618, "skew_max": 0.4187220480956683, "skew_mean": -0.004285662607736742, "skew_median": -0.020815908469465128, "skew_min": -0.33911309273191204, "skew_skew": 0.5250180639142975, "skew_std": 0.1634135386696266, "symbols_kurtosis": 0, "symbols_max": 0, "symbols_mean": 0, "symbols_min": 0, "symbols_skew": 0, "symbols_std": 0, "symbols_sum": 0}