{"class_prob_max": 0.6976744186046512, "class_prob_mean": 0.3333333333333333, "class_prob_median": 0.16279069767441862, "class_prob_min": 0.13953488372093023, "class_prob_std": 0.3157428194483148, "corr_with_dependent_abs_25p": null, "corr_with_dependent_abs_75p": null, "corr_with_dependent_abs_kurtosis": null, "corr_with_dependent_abs_max": null, "corr_with_dependent_abs_mean": null, "corr_with_dependent_abs_median": null, "corr_with_dependent_abs_min": null, "corr_with_dependent_abs_skew": null, "corr_with_dependent_abs_std": null, "diversity_fraction": 0.7579562605561954, "entropy_dependent": 0.8214826899116977, "kurtosis_kurtosis": -0.0665389756086121, "kurtosis_max": 36.84960550410299, "kurtosis_mean": 14.47301564209825, "kurtosis_median": 11.51866770841068, "kurtosis_min": 1.5930793919637258, "kurtosis_skew": 0.916488500147993, "kurtosis_std": 13.265056312337176, "n_categorical": 0, "n_classes": 3, "n_columns": 6, "n_numerical": 5, "n_rows": 215, "pca_fraction_95": 0.6, "ratio_rowcol": 35.833333333333336, "skew_kurtosis": -1.486549677122331, "skew_max": 5.492282677586234, "skew_mean": 2.660062272359096, "skew_median": 3.0084182452626336, "skew_min": -0.50593453002311, "skew_skew": -0.26729340505606586, "skew_std": 2.164261053412904, "symbols_kurtosis": null, "symbols_max": null, "symbols_mean": null, "symbols_min": null, "symbols_skew": null, "symbols_std": null, "symbols_sum": null}