{"class_prob_max": 0.6976744186046512, "class_prob_mean": 0.3333333333333333, "class_prob_median": 0.16279069767441862, "class_prob_min": 0.13953488372093023, "class_prob_std": 0.3157428194483148, "diversity_fraction": 0.7579562605561954, "entropy_dependent": 0.8214826899116977, "kurtosis_kurtosis": -0.06653897560861788, "kurtosis_max": 36.84960550410299, "kurtosis_mean": 14.47301564209825, "kurtosis_median": 11.51866770841068, "kurtosis_min": 1.5930793919637258, "kurtosis_skew": 0.9164885001479925, "kurtosis_std": 13.265056312337178, "n_categorical": 0, "n_classes": 3, "n_columns": 6, "n_numerical": 5, "n_rows": 215, "pca_fraction_95": 0.6, "ratio_rowcol": 35.833333333333336, "skew_kurtosis": -1.486549677122331, "skew_max": 5.492282677586234, "skew_mean": 2.660062272359096, "skew_median": 3.0084182452626336, "skew_min": -0.50593453002311, "skew_skew": -0.26729340505606597, "skew_std": 2.164261053412904, "symbols_kurtosis": 0, "symbols_max": 0, "symbols_mean": 0, "symbols_min": 0, "symbols_skew": 0, "symbols_std": 0, "symbols_sum": 0}