{"class_prob_max": 0.9671261930010604, "class_prob_mean": 0.25, "class_prob_median": 0.01193001060445387, "class_prob_min": 0.009013785790031814, "class_prob_std": 0.47808850633315575, "corr_with_dependent_abs_25p": null, "corr_with_dependent_abs_75p": null, "corr_with_dependent_abs_kurtosis": null, "corr_with_dependent_abs_max": null, "corr_with_dependent_abs_mean": null, "corr_with_dependent_abs_median": null, "corr_with_dependent_abs_min": null, "corr_with_dependent_abs_skew": null, "corr_with_dependent_abs_std": null, "dataset_hash": "a15bc6c7a7f5d81f62ab1951ffbe51eae12c20276bf1544b312d3bc19d0aa39b", "diversity_fraction": 0.2993499405410916, "entropy_dependent": 0.18015234088237567, "kurtosis_kurtosis": -1.1907152711578726, "kurtosis_max": 1.493807612242792, "kurtosis_mean": -0.4245557673881552, "kurtosis_median": -0.5940612261725762, "kurtosis_min": -1.8482544283203384, "kurtosis_skew": 0.5578919910690289, "kurtosis_std": 1.239140525385757, "metafeature_version": "1.0", "n_categorical": 22, "n_classes": 4, "n_columns": 30, "n_numerical": 7, "n_rows": 3772, "pca_fraction_95": 0.12903225806451613, "ratio_rowcol": 125.73333333333333, "skew_kurtosis": 1.594398666367698, "skew_max": 1.4059442874713202, "skew_mean": 0.19880093637880084, "skew_median": 0.21331658311250928, "skew_min": -1.5894085358559218, "skew_skew": -0.8925339336747998, "skew_std": 0.8910761798927678, "symbols_kurtosis": 5.664284023668646, "symbols_max": 3, "symbols_mean": 1, "symbols_min": 1, "symbols_skew": -0.5906272018620773, "symbols_std": 0.37509017674772643, "symbols_sum": 43}