{"class_prob_max": 0.73, "class_prob_mean": 0.5, "class_prob_median": 0.5, "class_prob_min": 0.27, "class_prob_std": 0.3252691193458118, "diversity_fraction": 0.8959341693344337, "entropy_dependent": 0.583258840128597, "kurtosis_kurtosis": -2.3146208027287862, "kurtosis_max": 20.50047991250626, "kurtosis_mean": 8.959526006418216, "kurtosis_median": 9.552980916147613, "kurtosis_min": -1.6833118556701034, "kurtosis_skew": 0.007514869788901699, "kurtosis_std": 8.427567587946855, "n_categorical": 0, "n_classes": 2, "n_columns": 7, "n_numerical": 6, "n_rows": 100, "pca_fraction_95": 0.16666666666666666, "ratio_rowcol": 14.285714285714286, "skew_kurtosis": -2.4303836395354814, "skew_max": 4.192636648331106, "skew_mean": 2.447436974211139, "skew_median": 2.586257008850551, "skew_min": 0.5922544268491788, "skew_skew": -0.14549936537297348, "skew_std": 1.4960923504873131, "symbols_kurtosis": 0, "symbols_max": 0, "symbols_mean": 0, "symbols_min": 0, "symbols_skew": 0, "symbols_std": 0, "symbols_sum": 0}