{"class_prob_max": 0.10407569141193596, "class_prob_mean": 0.1, "class_prob_median": 0.09998180494905386, "class_prob_min": 0.09597889374090247, "class_prob_std": 0.004219831181359215, "corr_with_dependent_abs_25p": null, "corr_with_dependent_abs_75p": null, "corr_with_dependent_abs_kurtosis": null, "corr_with_dependent_abs_max": null, "corr_with_dependent_abs_mean": null, "corr_with_dependent_abs_median": null, "corr_with_dependent_abs_min": null, "corr_with_dependent_abs_skew": null, "corr_with_dependent_abs_std": null, "dataset_hash": "ce3f65b57ec32b7d9f13b2bb88647b05d8b268335a7b3c9b213f45d25681169e", "diversity_fraction": 0.9991987962363937, "entropy_dependent": 2.301783568095163, "kurtosis_kurtosis": 6.009123781959389, "kurtosis_max": 3.0507472845480406, "kurtosis_mean": -0.5010429355334174, "kurtosis_median": -0.7839021550501173, "kurtosis_min": -1.685793174469628, "kurtosis_skew": 2.29010061372978, "kurtosis_std": 1.1112682822597757, "metafeature_version": "1.0", "n_categorical": 0, "n_classes": 10, "n_columns": 17, "n_numerical": 16, "n_rows": 10992, "pca_fraction_95": 0.5625, "ratio_rowcol": 646.5882352941177, "skew_kurtosis": 0.23780424615415363, "skew_max": 0.9482646831122558, "skew_mean": -0.03919608212031127, "skew_median": 0.08645947162695913, "skew_min": -1.4911828752031304, "skew_skew": -0.7287794685964906, "skew_std": 0.6548416460354459, "symbols_kurtosis": 0, "symbols_max": 0, "symbols_mean": 0, "symbols_min": 0, "symbols_skew": 0, "symbols_std": 0, "symbols_sum": 0}