{"class_prob_max": 0.6394557823129252, "class_prob_mean": 0.5, "class_prob_median": 0.5, "class_prob_min": 0.36054421768707484, "class_prob_std": 0.1972202586982888, "diversity_fraction": 0.9613502185599835, "entropy_dependent": 0.6537306755430708, "kurtosis_kurtosis": 11.881464811581212, "kurtosis_max": 94.63239752476373, "kurtosis_mean": 9.123239503131773, "kurtosis_median": -0.7044583235706305, "kurtosis_min": -1.4223011512110562, "kurtosis_skew": 3.399765956606515, "kurtosis_std": 25.116218473611188, "n_categorical": 0, "n_classes": 2, "n_columns": 14, "n_numerical": 13, "n_rows": 294, "pca_fraction_95": 0.15384615384615385, "ratio_rowcol": 21.0, "skew_kurtosis": 5.616003090728238, "skew_max": 3.463343016632159, "skew_mean": -0.5475759758673487, "skew_median": -0.016264057742109067, "skew_min": -9.797380834066187, "skew_skew": -2.059253542935053, "skew_std": 3.1252240597746983, "symbols_kurtosis": 0, "symbols_max": 0, "symbols_mean": 0, "symbols_min": 0, "symbols_skew": 0, "symbols_std": 0, "symbols_sum": 0}