{"class_prob_max": 0.6137931034482759, "class_prob_mean": 0.5, "class_prob_median": 0.5, "class_prob_min": 0.38620689655172413, "class_prob_std": 0.16092775020107633, "diversity_fraction": 0.9742122631446503, "entropy_dependent": 0.667021110783824, "kurtosis_kurtosis": 0.10418486483217793, "kurtosis_max": -0.30099541697755816, "kurtosis_mean": -0.7322201313528195, "kurtosis_median": -0.6557913897084764, "kurtosis_min": -1.244465482382317, "kurtosis_skew": -0.5563267891473652, "kurtosis_std": 0.23954175114863815, "n_categorical": 0, "n_classes": 2, "n_columns": 17, "n_numerical": 16, "n_rows": 435, "pca_fraction_95": 0.8125, "ratio_rowcol": 25.58823529411765, "skew_kurtosis": -1.028508867470226, "skew_max": -0.0060451351670912125, "skew_mean": -0.4521515293685565, "skew_median": -0.48105981353799004, "skew_min": -0.8907121919697678, "skew_skew": 0.15535552906165354, "skew_std": 0.26894622985322847, "symbols_kurtosis": 0, "symbols_max": 0, "symbols_mean": 0, "symbols_min": 0, "symbols_skew": 0, "symbols_std": 0, "symbols_sum": 0}