{"class_prob_max": 0.5, "class_prob_mean": 0.5, "class_prob_median": 0.5, "class_prob_min": 0.5, "class_prob_std": 0.0, "diversity_fraction": 0.9999999999999999, "entropy_dependent": 0.6931471805599453, "kurtosis_kurtosis": 3.1289746648640957, "kurtosis_max": 7.98022024890793, "kurtosis_mean": 1.0199903493879428, "kurtosis_median": 0.05594726020398966, "kurtosis_min": -1.0541467675610299, "kurtosis_skew": 1.942197564402051, "kurtosis_std": 2.4961384581897454, "n_categorical": 0, "n_classes": 2, "n_columns": 21, "n_numerical": 20, "n_rows": 1600, "pca_fraction_95": 0.9, "ratio_rowcol": 76.19047619047619, "skew_kurtosis": 0.5838879289218575, "skew_max": 2.9652014688564328, "skew_mean": 1.199632578520908, "skew_median": 1.027718565913676, "skew_min": 0.08336600730938575, "skew_skew": 0.987887670569812, "skew_std": 0.7601787978503812, "symbols_kurtosis": 0, "symbols_max": 0, "symbols_mean": 0, "symbols_min": 0, "symbols_skew": 0, "symbols_std": 0, "symbols_sum": 0}