{"class_prob_max": 0.40625, "class_prob_mean": 0.3333333333333333, "class_prob_median": 0.4, "class_prob_min": 0.19375, "class_prob_std": 0.12092309884109542, "diversity_fraction": 0.9529702852425226, "entropy_dependent": 1.0504407326258585, "kurtosis_kurtosis": 3.9999999999999893, "kurtosis_max": -0.49345197085052206, "kurtosis_mean": -0.7422881167188247, "kurtosis_median": -0.4934519708505234, "kurtosis_min": -1.4887965543237296, "kurtosis_skew": -1.9999999999999987, "kurtosis_std": 0.43099684740351885, "n_categorical": 0, "n_classes": 3, "n_columns": 5, "n_numerical": 4, "n_rows": 160, "pca_fraction_95": 1.0, "ratio_rowcol": 32.0, "skew_kurtosis": 3.9999999999999822, "skew_max": 0.6520274751287022, "skew_mean": 0.5740318024082076, "skew_median": 0.6520274751287021, "skew_min": 0.34004478424672435, "skew_skew": -1.9999999999999976, "skew_std": 0.13509246792241025, "symbols_kurtosis": 0, "symbols_max": 0, "symbols_mean": 0, "symbols_min": 0, "symbols_skew": 0, "symbols_std": 0, "symbols_sum": 0}