{"class_prob_max": 0.6536796536796536, "class_prob_mean": 0.5, "class_prob_median": 0.5, "class_prob_min": 0.3463203463203463, "class_prob_std": 0.21733585049456655, "diversity_fraction": 0.9531259734269446, "entropy_dependent": 0.6451389826734641, "kurtosis_kurtosis": -0.8585101244495768, "kurtosis_max": 6.421109968667757, "kurtosis_mean": 1.7965611413000973, "kurtosis_median": 1.7816465446796297, "kurtosis_min": -1.8900733748276548, "kurtosis_skew": 0.5169023393344387, "kurtosis_std": 2.7819397737873826, "n_categorical": 0, "n_classes": 2, "n_columns": 10, "n_numerical": 9, "n_rows": 462, "pca_fraction_95": 0.4444444444444444, "ratio_rowcol": 46.2, "skew_kurtosis": -1.382712876666121, "skew_max": 2.3126989374804188, "skew_mean": 0.7990779621648675, "skew_median": 0.9052194041401875, "skew_min": -0.3817342585259032, "skew_skew": 0.22422759051389132, "skew_std": 0.9598818226758479, "symbols_kurtosis": 0, "symbols_max": 0, "symbols_mean": 0, "symbols_min": 0, "symbols_skew": 0, "symbols_std": 0, "symbols_sum": 0}