{"class_prob_max": 0.625, "class_prob_mean": 0.3333333333333333, "class_prob_median": 0.20153061224489796, "class_prob_min": 0.17346938775510204, "class_prob_std": 0.2529801205891483, "diversity_fraction": 0.836800364910743, "entropy_dependent": 0.9204425390753399, "kurtosis_kurtosis": -0.45218254602957675, "kurtosis_max": 0.6969469997428215, "kurtosis_mean": -0.5621279296023495, "kurtosis_median": -0.7937743219937188, "kurtosis_min": -1.3981986376833877, "kurtosis_skew": 0.9612217689868673, "kurtosis_std": 0.716844551289517, "n_categorical": 0, "n_classes": 3, "n_columns": 9, "n_numerical": 8, "n_rows": 392, "pca_fraction_95": 0.125, "ratio_rowcol": 43.55555555555556, "skew_kurtosis": 1.4358910142613777, "skew_max": 1.0873262824048693, "skew_mean": 0.4878341764197919, "skew_median": 0.48260078167780013, "skew_min": 0.019688299628885138, "skew_skew": 0.6735106021444469, "skew_std": 0.29449305327208425, "symbols_kurtosis": 0, "symbols_max": 0, "symbols_mean": 0, "symbols_min": 0, "symbols_skew": 0, "symbols_std": 0, "symbols_sum": 0}