{"class_prob_max": 0.6394557823129252, "class_prob_mean": 0.5, "class_prob_median": 0.5, "class_prob_min": 0.36054421768707484, "class_prob_std": 0.1972202586982888, "corr_with_dependent_abs_25p": null, "corr_with_dependent_abs_75p": null, "corr_with_dependent_abs_kurtosis": null, "corr_with_dependent_abs_max": null, "corr_with_dependent_abs_mean": null, "corr_with_dependent_abs_median": null, "corr_with_dependent_abs_min": null, "corr_with_dependent_abs_skew": null, "corr_with_dependent_abs_std": null, "diversity_fraction": 0.9613502185599835, "entropy_dependent": 0.6537306755430708, "kurtosis_kurtosis": 12.28625067291445, "kurtosis_max": 94.63239752476377, "kurtosis_mean": 8.574666661461242, "kurtosis_median": -0.5025373591616304, "kurtosis_min": -1.178786921162448, "kurtosis_skew": 3.4742873483616563, "kurtosis_std": 25.115670536068937, "n_categorical": 0, "n_classes": 2, "n_columns": 14, "n_numerical": 13, "n_rows": 294, "pca_fraction_95": 0.15384615384615385, "ratio_rowcol": 21.0, "skew_kurtosis": 9.480247147669987, "skew_max": 3.506689631668829, "skew_mean": -0.14988038246248306, "skew_median": 0.5069583302051234, "skew_min": -9.797380834066185, "skew_skew": -2.8087652783231123, "skew_std": 2.9678847332136735, "symbols_kurtosis": null, "symbols_max": null, "symbols_mean": null, "symbols_min": null, "symbols_skew": null, "symbols_std": null, "symbols_sum": null}