{"class_prob_max": 0.7002314814814815, "class_prob_mean": 0.25, "class_prob_median": 0.1310763888888889, "class_prob_min": 0.03761574074074074, "class_prob_std": 0.31236529732861545, "diversity_fraction": 0.5766392600167465, "entropy_dependent": 0.8357559538495527, "kurtosis_kurtosis": -2.1150097465886937, "kurtosis_max": -0.6651194294702782, "kurtosis_mean": -1.0232978431603046, "kurtosis_median": -0.6651194294702782, "kurtosis_min": -1.5008690614136735, "kurtosis_skew": -0.3113726201631387, "kurtosis_std": 0.41358880712369983, "n_categorical": 0, "n_classes": 4, "n_columns": 22, "n_numerical": 21, "n_rows": 1728, "pca_fraction_95": 0.7142857142857143, "ratio_rowcol": 78.54545454545455, "skew_kurtosis": -2.1150097465886923, "skew_max": 1.1557039956531252, "skew_mean": 0.9637113992709859, "skew_median": 1.1557039956531252, "skew_min": 0.7077212707614663, "skew_skew": -0.31137262016314093, "skew_std": 0.22169395440728681, "symbols_kurtosis": 0, "symbols_max": 0, "symbols_mean": 0, "symbols_min": 0, "symbols_skew": 0, "symbols_std": 0, "symbols_sum": 0}