{"class_prob_max": 0.06666666666666667, "class_prob_mean": 0.06666666666666667, "class_prob_median": 0.06666666666666667, "class_prob_min": 0.06666666666666667, "class_prob_std": 0.0, "corr_with_dependent_abs_25p": null, "corr_with_dependent_abs_75p": null, "corr_with_dependent_abs_kurtosis": null, "corr_with_dependent_abs_max": null, "corr_with_dependent_abs_mean": null, "corr_with_dependent_abs_median": null, "corr_with_dependent_abs_min": null, "corr_with_dependent_abs_skew": null, "corr_with_dependent_abs_std": null, "diversity_fraction": 0.9999999999999999, "entropy_dependent": 2.70805020110221, "kurtosis_kurtosis": -0.685567898710373, "kurtosis_max": -0.24547835356875503, "kurtosis_mean": -0.7081788567422284, "kurtosis_median": -0.7026154938784916, "kurtosis_min": -1.0273176495449523, "kurtosis_skew": 0.30203520036243686, "kurtosis_std": 0.19321127565207463, "n_categorical": 0, "n_classes": 15, "n_columns": 91, "n_numerical": 90, "n_rows": 360, "pca_fraction_95": 0.1, "ratio_rowcol": 3.956043956043956, "skew_kurtosis": -0.5142797086035298, "skew_max": 0.1919951286034971, "skew_mean": -0.18738160859953198, "skew_median": -0.237691623851136, "skew_min": -0.4673207543418426, "skew_skew": 0.6326443381144151, "skew_std": 0.17096414880756794, "symbols_kurtosis": null, "symbols_max": null, "symbols_mean": null, "symbols_min": null, "symbols_skew": null, "symbols_std": null, "symbols_sum": null}