{"class_prob_max": 0.7525773195876289, "class_prob_mean": 0.5, "class_prob_median": 0.5, "class_prob_min": 0.24742268041237114, "class_prob_std": 0.35719827090866835, "corr_with_dependent_abs_25p": null, "corr_with_dependent_abs_75p": null, "corr_with_dependent_abs_kurtosis": null, "corr_with_dependent_abs_max": null, "corr_with_dependent_abs_mean": null, "corr_with_dependent_abs_median": null, "corr_with_dependent_abs_min": null, "corr_with_dependent_abs_skew": null, "corr_with_dependent_abs_std": null, "dataset_hash": "65937af101643e4672d2d3e2cf0c379133fbbf558cfaef78bf0d59a10f379a14", "diversity_fraction": 0.8748863688098307, "entropy_dependent": 0.5594859152849988, "kurtosis_kurtosis": -0.7093586002506731, "kurtosis_max": 0.9101634214556684, "kurtosis_mean": -1.0229337042993905, "kurtosis_median": -1.396341135868724, "kurtosis_min": -2.042105263157895, "kurtosis_skew": 0.8669283595353182, "kurtosis_std": 1.009099272424062, "metafeature_version": "1.0", "n_categorical": 0, "n_classes": 2, "n_columns": 11, "n_numerical": 10, "n_rows": 97, "pca_fraction_95": 0.2, "ratio_rowcol": 8.818181818181818, "skew_kurtosis": 3.7837618321873245, "skew_max": 0.7808779753981454, "skew_mean": 0.0006248634134634615, "skew_median": -1.3877787807814457e-17, "skew_min": -0.9491608034661926, "skew_skew": -0.6816767302922656, "skew_std": 0.40097348426101365, "symbols_kurtosis": 0, "symbols_max": 0, "symbols_mean": 0, "symbols_min": 0, "symbols_skew": 0, "symbols_std": 0, "symbols_sum": 0}