{"class_prob_max": 0.7935483870967742, "class_prob_mean": 0.5, "class_prob_median": 0.5, "class_prob_min": 0.2064516129032258, "class_prob_std": 0.41514011024500536, "diversity_fraction": 0.8319940710830425, "entropy_dependent": 0.5092172162715136, "kurtosis_kurtosis": 0.7124249358933383, "kurtosis_max": 5.00093965075617, "kurtosis_mean": 0.3048155073962729, "kurtosis_median": -0.2906340058264143, "kurtosis_min": -1.9872518666909489, "kurtosis_skew": 1.1058511733539946, "kurtosis_std": 1.8393129185392312, "n_categorical": 0, "n_classes": 2, "n_columns": 20, "n_numerical": 19, "n_rows": 155, "pca_fraction_95": 0.2631578947368421, "ratio_rowcol": 7.75, "skew_kurtosis": 2.413406382194596, "skew_max": 2.6337375682682254, "skew_mean": -0.11992976831335805, "skew_median": -0.22524766725178197, "skew_min": -1.926980357281749, "skew_skew": 1.0259929244686272, "skew_std": 0.9720249052263651, "symbols_kurtosis": 0, "symbols_max": 0, "symbols_mean": 0, "symbols_min": 0, "symbols_skew": 0, "symbols_std": 0, "symbols_sum": 0}