{"class_prob_max": 0.6904761904761905, "class_prob_mean": 0.5, "class_prob_median": 0.5, "class_prob_min": 0.30952380952380953, "class_prob_std": 0.2693740118805895, "corr_with_dependent_abs_25p": null, "corr_with_dependent_abs_75p": null, "corr_with_dependent_abs_kurtosis": null, "corr_with_dependent_abs_max": null, "corr_with_dependent_abs_mean": null, "corr_with_dependent_abs_median": null, "corr_with_dependent_abs_min": null, "corr_with_dependent_abs_skew": null, "corr_with_dependent_abs_std": null, "dataset_hash": "759c84a6a80f833330a570da2573dc50098a534d4d6b6b85f14607c28d5f0dd2", "diversity_fraction": 0.9282742558568129, "entropy_dependent": 0.6187191250308035, "kurtosis_kurtosis": -1.0558131393072392, "kurtosis_max": 12.72062630229923, "kurtosis_mean": 2.8952415132615035, "kurtosis_median": 0.7061368778280563, "kurtosis_min": -2.0922902097902094, "kurtosis_skew": 0.8186055157712435, "kurtosis_std": 5.461785341507748, "metafeature_version": "1.0", "n_categorical": 0, "n_classes": 2, "n_columns": 12, "n_numerical": 11, "n_rows": 42, "pca_fraction_95": 0.36363636363636365, "ratio_rowcol": 3.5, "skew_kurtosis": -1.6746070536686748, "skew_max": 3.4527580948480123, "skew_mean": 1.669001556652226, "skew_median": 1.6354809060694193, "skew_min": -0.09891456368549041, "skew_skew": 0.19736170734598826, "skew_std": 1.2730121469100133, "symbols_kurtosis": 0, "symbols_max": 0, "symbols_mean": 0, "symbols_min": 0, "symbols_skew": 0, "symbols_std": 0, "symbols_sum": 0}