{"class_prob_max": 0.25, "class_prob_mean": 0.25, "class_prob_median": 0.25, "class_prob_min": 0.25, "class_prob_std": 0.0, "diversity_fraction": 0.9999999999999999, "entropy_dependent": 1.3862943611198906, "kurtosis_kurtosis": 4.932377047584858, "kurtosis_max": 11.936416805970026, "kurtosis_mean": 1.0627546724100354, "kurtosis_median": -1.301246155209296, "kurtosis_min": -2.0100755667506296, "kurtosis_skew": 2.217150761942258, "kurtosis_std": 5.446064622792986, "n_categorical": 0, "n_classes": 4, "n_columns": 6, "n_numerical": 5, "n_rows": 400, "pca_fraction_95": 0.2, "ratio_rowcol": 66.66666666666667, "skew_kurtosis": 5.0, "skew_max": 3.2218216628239054, "skew_mean": 0.6443643325647811, "skew_median": 0.0, "skew_min": 0.0, "skew_skew": 2.2360679774997894, "skew_std": 1.2887286651295622, "symbols_kurtosis": 0, "symbols_max": 0, "symbols_mean": 0, "symbols_min": 0, "symbols_skew": 0, "symbols_std": 0, "symbols_sum": 0}