{"class_prob_max": 0.6510416666666666, "class_prob_mean": 0.5, "class_prob_median": 0.5, "class_prob_min": 0.3489583333333333, "class_prob_std": 0.21360517348343622, "diversity_fraction": 0.954709894639877, "entropy_dependent": 0.6467994206632901, "kurtosis_kurtosis": -1.7285925706028669, "kurtosis_max": 7.2142595543487715, "kurtosis_mean": 2.7753623954423943, "kurtosis_median": 1.9668008946784368, "kurtosis_min": -0.5200718661530122, "kurtosis_skew": 0.3808057681673183, "kurtosis_std": 2.7502061008597867, "n_categorical": 0, "n_classes": 2, "n_columns": 9, "n_numerical": 8, "n_rows": 768, "pca_fraction_95": 0.25, "ratio_rowcol": 85.33333333333333, "skew_kurtosis": 0.15751618598134787, "skew_max": 2.272250858431574, "skew_mean": 0.5292461289375235, "skew_median": 0.5377137404718741, "skew_min": -1.8436079833551302, "skew_skew": -0.4979755980377793, "skew_std": 1.2410904298246983, "symbols_kurtosis": 0, "symbols_max": 0, "symbols_mean": 0, "symbols_min": 0, "symbols_skew": 0, "symbols_std": 0, "symbols_sum": 0}