{"class_prob_max": 0.7352941176470589, "class_prob_mean": 0.5, "class_prob_median": 0.5, "class_prob_min": 0.2647058823529412, "class_prob_std": 0.3327561323230812, "corr_with_dependent_abs_25p": null, "corr_with_dependent_abs_75p": null, "corr_with_dependent_abs_kurtosis": null, "corr_with_dependent_abs_max": null, "corr_with_dependent_abs_mean": null, "corr_with_dependent_abs_median": null, "corr_with_dependent_abs_min": null, "corr_with_dependent_abs_skew": null, "corr_with_dependent_abs_std": null, "dataset_hash": "0ac30b964d8dab398ae4c1fd55f525d979a684b040c661a38969ee8bef23ed88", "diversity_fraction": 0.8911652652051771, "entropy_dependent": 0.5779217946828968, "kurtosis_kurtosis": -1.4999999999999998, "kurtosis_max": 11.730876914649608, "kurtosis_mean": 3.3408860656277812, "kurtosis_median": -0.5893930383959325, "kurtosis_min": -1.1188256793703324, "kurtosis_skew": 1.7217247566701122, "kurtosis_std": 5.936555374139382, "metafeature_version": "1.0", "n_categorical": 0, "n_classes": 2, "n_columns": 4, "n_numerical": 3, "n_rows": 306, "pca_fraction_95": 1.0, "ratio_rowcol": 76.5, "skew_kurtosis": -1.4999999999999996, "skew_max": 2.9838229044308253, "skew_mean": 1.0696942736861608, "skew_median": 0.14650505649010384, "skew_min": 0.0787548601375535, "skew_skew": 1.7287978837481677, "skew_std": 1.353775912907742, "symbols_kurtosis": 0, "symbols_max": 0, "symbols_mean": 0, "symbols_min": 0, "symbols_skew": 0, "symbols_std": 0, "symbols_sum": 0}