{"class_prob_max": 0.6059552271245382, "class_prob_mean": 0.5, "class_prob_median": 0.5, "class_prob_min": 0.39404477287546186, "class_prob_std": 0.14984331920384353, "diversity_fraction": 0.9776298475539125, "entropy_dependent": 0.6705230209876485, "kurtosis_kurtosis": 6.141268800170572, "kurtosis_max": 1480.6420502862775, "kurtosis_mean": 241.1700186517734, "kurtosis_median": 127.37652934848592, "kurtosis_min": 5.257394367988139, "kurtosis_skew": 2.33336581486048, "kurtosis_std": 294.62161648968123, "n_categorical": 0, "n_classes": 2, "n_columns": 58, "n_numerical": 57, "n_rows": 4601, "pca_fraction_95": 0.03508771929824561, "ratio_rowcol": 79.32758620689656, "skew_kurtosis": 1.3247454090249313, "skew_max": 31.06206427903545, "skew_mean": 11.186639096028685, "skew_median": 9.724847529977307, "skew_min": 1.5916742687064174, "skew_skew": 1.2977406420358226, "skew_std": 6.897289088738801, "symbols_kurtosis": 0, "symbols_max": 0, "symbols_mean": 0, "symbols_min": 0, "symbols_skew": 0, "symbols_std": 0, "symbols_sum": 0}