{"class_prob_max": 0.6534446764091858, "class_prob_mean": 0.5, "class_prob_median": 0.5, "class_prob_min": 0.3465553235908142, "class_prob_std": 0.21700354245182146, "corr_with_dependent_abs_25p": null, "corr_with_dependent_abs_75p": null, "corr_with_dependent_abs_kurtosis": null, "corr_with_dependent_abs_max": null, "corr_with_dependent_abs_mean": null, "corr_with_dependent_abs_median": null, "corr_with_dependent_abs_min": null, "corr_with_dependent_abs_skew": null, "corr_with_dependent_abs_std": null, "dataset_hash": "f9515cbc11628abf967ce268bd62193c1c567e4c090ba391c73c7b5a349cef19", "diversity_fraction": 0.9532681409827275, "entropy_dependent": 0.6452881308007814, "kurtosis_kurtosis": 1.6416454225659978, "kurtosis_max": -0.9884386919930339, "kurtosis_mean": -1.277368895406029, "kurtosis_median": -1.2327625622813367, "kurtosis_min": -1.3942077793839707, "kurtosis_skew": 1.1790183003586823, "kurtosis_std": 0.1273860543127954, "metafeature_version": "1.0", "n_categorical": 0, "n_classes": 2, "n_columns": 10, "n_numerical": 9, "n_rows": 958, "pca_fraction_95": 1.0, "ratio_rowcol": 95.8, "skew_kurtosis": -0.3080359721067998, "skew_max": -0.2446360967134481, "skew_mean": -0.35302012303227004, "skew_median": -0.4073711381652283, "skew_min": -0.569152167775724, "skew_skew": -0.5989818483248113, "skew_std": 0.10827823254787994, "symbols_kurtosis": 0, "symbols_max": 0, "symbols_mean": 0, "symbols_min": 0, "symbols_skew": 0, "symbols_std": 0, "symbols_sum": 0}