{"class_prob_max": 0.7065136935603257, "class_prob_mean": 0.5, "class_prob_median": 0.5, "class_prob_min": 0.2934863064396743, "class_prob_std": 0.29205446624877385, "corr_with_dependent_abs_25p": null, "corr_with_dependent_abs_75p": null, "corr_with_dependent_abs_kurtosis": null, "corr_with_dependent_abs_max": null, "corr_with_dependent_abs_mean": null, "corr_with_dependent_abs_median": null, "corr_with_dependent_abs_min": null, "corr_with_dependent_abs_skew": null, "corr_with_dependent_abs_std": null, "diversity_fraction": 0.9158493796697472, "entropy_dependent": 0.6052438200564556, "kurtosis_kurtosis": -3.0298224258056985, "kurtosis_max": 1.765054365668684, "kurtosis_mean": 0.33978080703382674, "kurtosis_median": -0.3066120048941947, "kurtosis_min": -0.8572437327691063, "kurtosis_skew": 0.49954119803786556, "kurtosis_std": 1.0962084154942568, "n_categorical": 0, "n_classes": 2, "n_columns": 6, "n_numerical": 5, "n_rows": 5404, "pca_fraction_95": 1.0, "ratio_rowcol": 900.6666666666666, "skew_kurtosis": -2.4062542382236893, "skew_max": 1.4824299413788997, "skew_mean": 0.7794741015380934, "skew_median": 0.4842319967382654, "skew_min": 0.20949723088363656, "skew_skew": 0.5214039748637053, "skew_std": 0.49289577767087944, "symbols_kurtosis": null, "symbols_max": null, "symbols_mean": null, "symbols_min": null, "symbols_skew": null, "symbols_std": null, "symbols_sum": null}