{"class_prob_max": 0.6304347826086957, "class_prob_mean": 0.5, "class_prob_median": 0.5, "class_prob_min": 0.3695652173913043, "class_prob_std": 0.18446263857040374, "corr_with_dependent_abs_25p": null, "corr_with_dependent_abs_75p": null, "corr_with_dependent_abs_kurtosis": null, "corr_with_dependent_abs_max": null, "corr_with_dependent_abs_mean": null, "corr_with_dependent_abs_median": null, "corr_with_dependent_abs_min": null, "corr_with_dependent_abs_skew": null, "corr_with_dependent_abs_std": null, "dataset_hash": "eb1523db31dfd0d767a9eac6760ac97260c80a61fd25ba3a7067796968019851", "diversity_fraction": 0.9661624376009844, "entropy_dependent": 0.6587238765203249, "kurtosis_kurtosis": 8.441118538549523, "kurtosis_max": 8.354552176136565, "kurtosis_mean": -0.08891893019045587, "kurtosis_median": -0.8506598362168412, "kurtosis_min": -1.7549477212402207, "kurtosis_skew": 2.870381004085674, "kurtosis_std": 2.2943743020606897, "metafeature_version": "1.0", "n_categorical": 0, "n_classes": 2, "n_columns": 23, "n_numerical": 22, "n_rows": 368, "pca_fraction_95": 0.2727272727272727, "ratio_rowcol": 16.0, "skew_kurtosis": 3.015051940912535, "skew_max": 3.2107905485485153, "skew_mean": 0.12662913880144464, "skew_median": 0.20534007041009866, "skew_min": -2.4716932934253704, "skew_skew": 0.46189484098278527, "skew_std": 1.0716009078751836, "symbols_kurtosis": 0, "symbols_max": 0, "symbols_mean": 0, "symbols_min": 0, "symbols_skew": 0, "symbols_std": 0, "symbols_sum": 0}