{"class_prob_max": 0.6534446764091858, "class_prob_mean": 0.5, "class_prob_median": 0.5, "class_prob_min": 0.3465553235908142, "class_prob_std": 0.21700354245182146, "corr_with_dependent_abs_25p": null, "corr_with_dependent_abs_75p": null, "corr_with_dependent_abs_kurtosis": null, "corr_with_dependent_abs_max": null, "corr_with_dependent_abs_mean": null, "corr_with_dependent_abs_median": null, "corr_with_dependent_abs_min": null, "corr_with_dependent_abs_skew": null, "corr_with_dependent_abs_std": null, "diversity_fraction": 0.9532681409827275, "entropy_dependent": 0.6452881308007814, "kurtosis_kurtosis": 1.6416454225660129, "kurtosis_max": -0.9884386919930339, "kurtosis_mean": -1.2773688954060292, "kurtosis_median": -1.2327625622813367, "kurtosis_min": -1.3942077793839707, "kurtosis_skew": 1.1790183003586887, "kurtosis_std": 0.1273860543127954, "n_categorical": 0, "n_classes": 2, "n_columns": 10, "n_numerical": 9, "n_rows": 958, "pca_fraction_95": 1.0, "ratio_rowcol": 95.8, "skew_kurtosis": -0.30803597210679756, "skew_max": -0.2446360967134481, "skew_mean": -0.35302012303227, "skew_median": -0.4073711381652283, "skew_min": -0.569152167775724, "skew_skew": -0.5989818483248132, "skew_std": 0.10827823254787994, "symbols_kurtosis": null, "symbols_max": null, "symbols_mean": null, "symbols_min": null, "symbols_skew": null, "symbols_std": null, "symbols_sum": null}