{"class_prob_max": 0.5412541254125413, "class_prob_mean": 0.19999999999999998, "class_prob_median": 0.1188118811881188, "class_prob_min": 0.0429042904290429, "class_prob_std": 0.19698021944692468, "corr_with_dependent_abs_25p": null, "corr_with_dependent_abs_75p": null, "corr_with_dependent_abs_kurtosis": null, "corr_with_dependent_abs_max": null, "corr_with_dependent_abs_mean": null, "corr_with_dependent_abs_median": null, "corr_with_dependent_abs_min": null, "corr_with_dependent_abs_skew": null, "corr_with_dependent_abs_std": null, "diversity_fraction": 0.7189752882034499, "entropy_dependent": 1.2795096209070462, "kurtosis_kurtosis": 1.4515855623504912, "kurtosis_max": 4.4917242865388545, "kurtosis_mean": 0.11310906368601668, "kurtosis_median": -0.40065481963992244, "kurtosis_min": -1.9993306598089324, "kurtosis_skew": 1.1415548966442277, "kurtosis_std": 1.7491181092168449, "n_categorical": 0, "n_classes": 5, "n_columns": 14, "n_numerical": 13, "n_rows": 303, "pca_fraction_95": 0.23076923076923078, "ratio_rowcol": 21.642857142857142, "skew_kurtosis": -0.8471395886903705, "skew_max": 1.986651930914452, "skew_mean": 0.4347225753357895, "skew_median": 0.5083156098165441, "skew_min": -0.8417538756970183, "skew_skew": 0.037692177965020446, "skew_std": 0.839065700070983, "symbols_kurtosis": null, "symbols_max": null, "symbols_mean": null, "symbols_min": null, "symbols_skew": null, "symbols_std": null, "symbols_sum": null}