{"class_prob_max": 0.504950495049505, "class_prob_mean": 0.5, "class_prob_median": 0.5, "class_prob_min": 0.49504950495049505, "class_prob_std": 0.007001057239470774, "diversity_fraction": 0.9999509855979263, "entropy_dependent": 0.6930981649566266, "kurtosis_kurtosis": 1.2246698092140544, "kurtosis_max": 12.666353768842773, "kurtosis_mean": 11.013298236724866, "kurtosis_median": 10.767502433249627, "kurtosis_min": 10.514616857357073, "kurtosis_skew": 1.4963329308966666, "kurtosis_std": 0.5214915655257681, "n_categorical": 0, "n_classes": 2, "n_columns": 101, "n_numerical": 100, "n_rows": 1212, "pca_fraction_95": 0.01, "ratio_rowcol": 12.0, "skew_kurtosis": 1.0127478233150757, "skew_max": 3.3782160306047544, "skew_mean": 3.23603117199765, "skew_median": 3.2194342584624365, "skew_min": 3.1877004493753955, "skew_skew": 1.3705874081178375, "skew_std": 0.0435533391539374, "symbols_kurtosis": 0, "symbols_max": 0, "symbols_mean": 0, "symbols_min": 0, "symbols_skew": 0, "symbols_std": 0, "symbols_sum": 0}