{"class_prob_max": 0.7002314814814815, "class_prob_mean": 0.25, "class_prob_median": 0.1310763888888889, "class_prob_min": 0.03761574074074074, "class_prob_std": 0.31236529732861545, "corr_with_dependent_abs_25p": null, "corr_with_dependent_abs_75p": null, "corr_with_dependent_abs_kurtosis": null, "corr_with_dependent_abs_max": null, "corr_with_dependent_abs_mean": null, "corr_with_dependent_abs_median": null, "corr_with_dependent_abs_min": null, "corr_with_dependent_abs_skew": null, "corr_with_dependent_abs_std": null, "dataset_hash": "fc433e415f84fea4cde6b1aeb9045d210bf1deec75e60f732c4cec2aaa0d45b7", "diversity_fraction": 0.5766392600167465, "entropy_dependent": 0.8357559538495527, "kurtosis_kurtosis": -2.1150097465886937, "kurtosis_max": -0.6651194294702782, "kurtosis_mean": -1.0232978431603048, "kurtosis_median": -0.6651194294702782, "kurtosis_min": -1.5008690614136735, "kurtosis_skew": -0.311372620163137, "kurtosis_std": 0.41358880712369983, "metafeature_version": "1.0", "n_categorical": 0, "n_classes": 4, "n_columns": 22, "n_numerical": 21, "n_rows": 1728, "pca_fraction_95": 0.7142857142857143, "ratio_rowcol": 78.54545454545455, "skew_kurtosis": -2.115009746588693, "skew_max": 1.1557039956531252, "skew_mean": 0.9637113992709859, "skew_median": 1.1557039956531252, "skew_min": 0.7077212707614663, "skew_skew": -0.3113726201631409, "skew_std": 0.22169395440728684, "symbols_kurtosis": 0, "symbols_max": 0, "symbols_mean": 0, "symbols_min": 0, "symbols_skew": 0, "symbols_std": 0, "symbols_sum": 0}