{"class_prob_max": 0.5882352941176471, "class_prob_mean": 0.3333333333333333, "class_prob_median": 0.22941176470588234, "class_prob_min": 0.18235294117647058, "class_prob_std": 0.22200200545661505, "corr_with_dependent_abs_25p": null, "corr_with_dependent_abs_75p": null, "corr_with_dependent_abs_kurtosis": null, "corr_with_dependent_abs_max": null, "corr_with_dependent_abs_mean": null, "corr_with_dependent_abs_median": null, "corr_with_dependent_abs_min": null, "corr_with_dependent_abs_skew": null, "corr_with_dependent_abs_std": null, "diversity_fraction": 0.8707509319241971, "entropy_dependent": 0.9602129891861153, "kurtosis_kurtosis": 3.2743281344888384, "kurtosis_max": -1.1326194894361608, "kurtosis_mean": -1.329082256068187, "kurtosis_median": -1.2288579812462876, "kurtosis_min": -2.004974937778132, "kurtosis_skew": -2.063887257431828, "kurtosis_std": 0.25562914560251343, "n_categorical": 0, "n_classes": 3, "n_columns": 15, "n_numerical": 14, "n_rows": 340, "pca_fraction_95": 0.7857142857142857, "ratio_rowcol": 22.666666666666668, "skew_kurtosis": 2.665503550015159, "skew_max": 0.15984459157064831, "skew_mean": -0.2622560998404942, "skew_median": -0.3081529811418148, "skew_min": -0.43146361481009043, "skew_skew": 1.8172691290974894, "skew_std": 0.16661616629515003, "symbols_kurtosis": null, "symbols_max": null, "symbols_mean": null, "symbols_min": null, "symbols_skew": null, "symbols_std": null, "symbols_sum": null}