{"class_prob_max": 0.5882352941176471, "class_prob_mean": 0.3333333333333333, "class_prob_median": 0.22941176470588234, "class_prob_min": 0.18235294117647058, "class_prob_std": 0.22200200545661505, "diversity_fraction": 0.8707509319241971, "entropy_dependent": 0.9602129891861153, "kurtosis_kurtosis": 3.2743281344888313, "kurtosis_max": -1.1326194894361608, "kurtosis_mean": -1.3290822560681872, "kurtosis_median": -1.2288579812462876, "kurtosis_min": -2.004974937778132, "kurtosis_skew": -2.063887257431825, "kurtosis_std": 0.25562914560251343, "n_categorical": 0, "n_classes": 3, "n_columns": 15, "n_numerical": 14, "n_rows": 340, "pca_fraction_95": 0.7857142857142857, "ratio_rowcol": 22.666666666666668, "skew_kurtosis": 2.6655035500151634, "skew_max": 0.15984459157064831, "skew_mean": -0.26225609984049425, "skew_median": -0.3081529811418148, "skew_min": -0.43146361481009043, "skew_skew": 1.8172691290974907, "skew_std": 0.16661616629515005, "symbols_kurtosis": 0, "symbols_max": 0, "symbols_mean": 0, "symbols_min": 0, "symbols_skew": 0, "symbols_std": 0, "symbols_sum": 0}