{"class_prob_max": 0.09090909090909091, "class_prob_mean": 0.09090909090909093, "class_prob_median": 0.09090909090909091, "class_prob_min": 0.09090909090909091, "class_prob_std": 1.4555146645863654e-17, "corr_with_dependent_abs_25p": null, "corr_with_dependent_abs_75p": null, "corr_with_dependent_abs_kurtosis": null, "corr_with_dependent_abs_max": null, "corr_with_dependent_abs_mean": null, "corr_with_dependent_abs_median": null, "corr_with_dependent_abs_min": null, "corr_with_dependent_abs_skew": null, "corr_with_dependent_abs_std": null, "diversity_fraction": 1.0, "entropy_dependent": 2.3978952727983707, "kurtosis_kurtosis": 5.001561774785664, "kurtosis_max": 11.448611212294123, "kurtosis_mean": 1.198135059339751, "kurtosis_median": 0.030664066794604095, "kurtosis_min": -1.0805117922533976, "kurtosis_skew": 2.4951077224808573, "kurtosis_std": 3.5176548904521083, "n_categorical": 0, "n_classes": 11, "n_columns": 41, "n_numerical": 40, "n_rows": 5500, "pca_fraction_95": 0.1, "ratio_rowcol": 134.14634146341464, "skew_kurtosis": 2.0035343243660506, "skew_max": 2.668850679615685, "skew_mean": 0.28531363757299577, "skew_median": 0.02715653994474395, "skew_min": -1.1402409817139203, "skew_skew": 1.504102158800159, "skew_std": 0.9326420587047104, "symbols_kurtosis": null, "symbols_max": null, "symbols_mean": null, "symbols_min": null, "symbols_skew": null, "symbols_std": null, "symbols_sum": null}