{"class_prob_max": 0.6392075078206465, "class_prob_mean": 0.5, "class_prob_median": 0.5, "class_prob_min": 0.3607924921793535, "class_prob_std": 0.19686914554411697, "diversity_fraction": 0.9614868633714843, "entropy_dependent": 0.6538728038731461, "kurtosis_kurtosis": 27.474207107607846, "kurtosis_max": 959.0000000000002, "kurtosis_mean": 61.11200105134765, "kurtosis_median": 4.260958073194846, "kurtosis_min": -3.0, "kurtosis_skew": 4.908948032485007, "kurtosis_std": 152.99229532171537, "n_categorical": 0, "n_classes": 2, "n_columns": 45, "n_numerical": 44, "n_rows": 959, "pca_fraction_95": 0.045454545454545456, "ratio_rowcol": 21.31111111111111, "skew_kurtosis": 6.478597537858439, "skew_max": 30.967725134404052, "skew_mean": 4.781095716668571, "skew_median": 2.0710612021982193, "skew_min": -0.29490516981870735, "skew_skew": 2.1735606348177736, "skew_std": 6.090451526060372, "symbols_kurtosis": 0, "symbols_max": 0, "symbols_mean": 0, "symbols_min": 0, "symbols_skew": 0, "symbols_std": 0, "symbols_sum": 0}